{"type":"FeatureCollection","features":[{"type":"Feature","properties":{"id":"Minamishinshuachi1_59","name":"W2 巡回バス 伍和線","agency":"阿智村","verdict":"適","accuracy":"A","L":33.3,"trips":8,"batt":43,"charges":2,"etr":19.8357,"regen":5.403,"ew":22.7577,"mg":0.080621},"geometry":{"type":"LineString","coordinates":[[137.74894,35.44779],[137.74972,35.44674],[137.75079,35.44572],[137.75093,35.44444],[137.75056,35.44356],[137.75168,35.4428],[137.75043,35.44207],[137.75017,35.44197],[137.75164,35.44257],[137.75085,35.44355],[137.74974,35.44296],[137.74816,35.44315],[137.74695,35.44369],[137.74587,35.4445],[137.74443,35.44459],[137.74287,35.44421],[137.74127,35.4443],[137.73973,35.4448],[137.73833,35.4455],[137.73736,35.44651],[137.73594,35.4472],[137.73451,35.44789],[137.73309,35.44857],[137.73166,35.44925],[137.73006,35.44951],[137.72842,35.44945],[137.72716,35.45029],[137.72607,35.45131],[137.72463,35.45193],[137.723,35.45219],[137.72148,35.4527],[137.71988,35.45304],[137.71863,35.4539],[137.71758,35.45494],[137.71654,35.456],[137.71558,35.45654],[137.71665,35.45586],[137.71527,35.45512],[137.71619,35.45424],[137.71689,35.45476],[137.7172,35.45532],[137.71824,35.45427],[137.71938,35.4533],[137.72091,35.45282],[137.72246,35.45237],[137.72402,35.45215],[137.7255,35.45168],[137.72668,35.45074],[137.72778,35.44974],[137.72933,35.44943],[137.73098,35.44948],[137.73245,35.44887],[137.73388,35.44819],[137.7353,35.44751],[137.73673,35.44682],[137.73787,35.44596],[137.73908,35.44508],[137.74058,35.44452],[137.74216,35.44411],[137.7437,35.44453],[137.74531,35.44462],[137.74616,35.44574],[137.74739,35.44661],[137.74862,35.44751],[137.74899,35.44744],[137.75007,35.44641],[137.751,35.44534],[137.75066,35.44406],[137.74929,35.4437],[137.74804,35.44457],[137.74747,35.44426],[137.74702,35.44358],[137.74603,35.44443],[137.7446,35.44459],[137.74303,35.44427],[137.74169,35.44389],[137.74291,35.44334],[137.74445,35.44293],[137.74495,35.44165],[137.74618,35.44081],[137.747,35.43966],[137.74799,35.43867],[137.74724,35.43754],[137.74777,35.43626],[137.74839,35.43501],[137.74835,35.43371],[137.74726,35.4327],[137.74612,35.43172],[137.74519,35.43063],[137.74458,35.42941],[137.74373,35.42826],[137.74351,35.42693],[137.74346,35.42558],[137.74359,35.42427],[137.74436,35.42323],[137.74526,35.42211],[137.74655,35.42131],[137.74809,35.42103],[137.74964,35.42145],[137.75102,35.42081],[137.75239,35.4201],[137.75386,35.41948],[137.75545,35.41916],[137.75692,35.41937],[137.75845,35.41916],[137.76008,35.41903],[137.76158,35.41954],[137.76244,35.42007],[137.76188,35.4213],[137.76133,35.42218],[137.7597,35.42204],[137.75835,35.42269],[137.75768,35.42386],[137.75614,35.42425],[137.75686,35.42526],[137.7582,35.42549],[137.75853,35.42673],[137.75833,35.42795],[137.75698,35.42869],[137.75612,35.42983],[137.75472,35.43046],[137.75311,35.43079],[137.75272,35.43181],[137.75363,35.43293],[137.75372,35.4341],[137.75299,35.43529],[137.75167,35.43545],[137.75036,35.43477],[137.74942,35.43575],[137.74925,35.43679],[137.75033,35.43777],[137.75105,35.43898],[137.7514,35.44015],[137.75013,35.441],[137.75039,35.44206],[137.75168,35.44276],[137.75148,35.4436],[137.75241,35.44463],[137.754,35.44486],[137.75516,35.44527],[137.75513,35.44662],[137.75532,35.4479],[137.75371,35.44817],[137.75212,35.44804],[137.75048,35.448],[137.74918,35.44806],[137.74945,35.44699],[137.75053,35.44597],[137.75098,35.44476],[137.75021,35.44361],[137.74873,35.44405],[137.74758,35.44427],[137.74704,35.44412],[137.74684,35.44405],[137.74543,35.44474],[137.74389,35.44458],[137.74236,35.44411],[137.74077,35.44446],[137.73926,35.445],[137.73798,35.44582],[137.7369,35.44673],[137.73548,35.44742],[137.73405,35.44811],[137.73262,35.44879],[137.73117,35.44943],[137.72953,35.44946],[137.72794,35.44964],[137.72681,35.45062],[137.72563,35.45154],[137.7241,35.45202],[137.72248,35.4523],[137.72097,35.45281],[137.71943,35.45326],[137.71828,35.45423],[137.71724,35.45528],[137.7162,35.45634],[137.71594,35.45655],[137.71621,35.45561],[137.71538,35.4548],[137.7167,35.45416],[137.71673,35.45518],[137.71754,35.45498],[137.71859,35.45394],[137.71982,35.45305],[137.72142,35.45271],[137.72299,35.45229],[137.72455,35.45215],[137.72593,35.45142],[137.72703,35.45041],[137.72823,35.4495],[137.72986,35.44949],[137.73148,35.44933],[137.73291,35.44865],[137.73434,35.44797],[137.73576,35.44728],[137.73719,35.44659],[137.73816,35.4456],[137.73955,35.44487],[137.74108,35.44436],[137.74269,35.44414],[137.74422,35.44459],[137.74562,35.44497],[137.74652,35.44603],[137.7478,35.44689],[137.74897,35.44784],[137.74934,35.4471],[137.75042,35.44608],[137.75097,35.4449],[137.75033,35.44372],[137.74887,35.44397],[137.74769,35.44438],[137.74716,35.44422],[137.74783,35.4433],[137.74936,35.44294],[137.75047,35.44357],[137.75167,35.44287],[137.75052,35.4421],[137.7501,35.44193],[137.75159,35.44251],[137.75094,35.44355],[137.74983,35.44296],[137.74824,35.44311],[137.74696,35.44362]]}},{"type":"Feature","properties":{"id":"Minamishinshuachi1_60","name":"W3 巡回バス 春日・智里西線","agency":"阿智村","verdict":"条件付き","accuracy":"A","L":55.6,"trips":6,"batt":62,"charges":2,"etr":31.2904,"regen":12.633,"ew":32.5637,"mg":0.084433},"geometry":{"type":"LineString","coordinates":[[137.65029,35.4387],[137.65257,35.43985],[137.65507,35.44076],[137.65763,35.44155],[137.65997,35.4427],[137.66109,35.44473],[137.66281,35.44643],[137.66506,35.44724],[137.66532,35.44806],[137.66324,35.44812],[137.66319,35.44896],[137.66523,35.45027],[137.66581,35.45208],[137.66626,35.45385],[137.66732,35.45576],[137.66692,35.45763],[137.66926,35.45737],[137.66734,35.4583],[137.66787,35.45884],[137.66638,35.45853],[137.66893,35.45806],[137.66784,35.45766],[137.66845,35.45672],[137.67106,35.45663],[137.6733,35.45785],[137.67566,35.45882],[137.67839,35.45865],[137.68061,35.45769],[137.68325,35.45757],[137.68578,35.45705],[137.68804,35.45773],[137.69055,35.45839],[137.69285,35.45922],[137.69532,35.46013],[137.69731,35.46162],[137.69744,35.46344],[137.69989,35.46387],[137.70257,35.46404],[137.70503,35.46408],[137.70674,35.46414],[137.70852,35.46525],[137.71012,35.46348],[137.71066,35.46141],[137.71121,35.45921],[137.71324,35.45776],[137.71567,35.45673],[137.71748,35.45504],[137.7193,35.45336],[137.72185,35.45257],[137.72446,35.45216],[137.72661,35.45081],[137.72868,35.44941],[137.7314,35.44936],[137.73379,35.44824],[137.73616,35.44709],[137.73854,35.44595],[137.741,35.44496],[137.74374,35.4449],[137.74622,35.44584],[137.74786,35.44757],[137.74694,35.44651],[137.74544,35.44476],[137.74698,35.44376],[137.74488,35.44454],[137.74225,35.44411],[137.73965,35.44483],[137.73765,35.44628],[137.73539,35.44746],[137.73301,35.44861],[137.73053,35.44952],[137.72786,35.44969],[137.72601,35.45136],[137.72346,35.45212],[137.72086,35.45283],[137.71857,35.45395],[137.71683,35.4557],[137.71541,35.4569],[137.71293,35.45787],[137.71112,35.45948],[137.71064,35.46168],[137.71003,35.46374],[137.70822,35.46538],[137.70651,35.46394],[137.70479,35.46427],[137.70224,35.46401],[137.69958,35.46398],[137.69744,35.46317],[137.697,35.46152],[137.69504,35.45998],[137.69251,35.45922],[137.69024,35.45828],[137.68797,35.45746],[137.68546,35.45713],[137.68292,35.45753],[137.6804,35.45791],[137.67806,35.45868],[137.67532,35.4588],[137.67303,35.45769],[137.67118,35.45623],[137.6701,35.45429],[137.66987,35.45236],[137.66924,35.45029],[137.66919,35.44811],[137.66706,35.44726],[137.66459,35.44634],[137.66208,35.44595],[137.66077,35.44401],[137.65925,35.44221],[137.65673,35.44133],[137.65421,35.44043],[137.65166,35.43964],[137.64963,35.43815],[137.6473,35.43724],[137.64945,35.43795],[137.65138,35.43954],[137.65394,35.44031],[137.65646,35.44122],[137.65898,35.44209],[137.66069,35.44377],[137.66186,35.44577],[137.66423,35.44649],[137.6662,35.44793],[137.66416,35.44792],[137.66228,35.44878],[137.6645,35.44952],[137.66547,35.45133],[137.66679,35.45296],[137.66663,35.45498],[137.66699,35.45676],[137.66824,35.45743],[137.6685,35.45825],[137.66661,35.45883],[137.66738,35.45886],[137.6678,35.45816],[137.66886,35.45719],[137.66748,35.45737],[137.66985,35.45667],[137.6722,35.45737],[137.67445,35.45864],[137.67716,35.45884],[137.67986,35.45851],[137.68203,35.45737],[137.6846,35.45711],[137.68728,35.45705],[137.68934,35.45823],[137.6916,35.45915],[137.69419,35.45971],[137.69635,35.461],[137.69773,35.46246],[137.69867,35.46401],[137.70136,35.46381],[137.70393,35.46447],[137.70608,35.46331],[137.70747,35.4652],[137.70953,35.46437],[137.71058,35.46243],[137.71091,35.46021],[137.71218,35.4583],[137.71461,35.45727],[137.71569,35.45667],[137.71556,35.45529],[137.71691,35.45417],[137.71732,35.4552],[137.71913,35.4535],[137.72162,35.45265],[137.72421,35.45217],[137.72645,35.45096],[137.72843,35.44944],[137.73116,35.44943],[137.73357,35.44834],[137.73594,35.44719],[137.73797,35.44583],[137.74025,35.44461],[137.74288,35.44421],[137.74542,35.44474],[137.7476,35.4443],[137.74971,35.44365],[137.75099,35.44523],[137.74943,35.44701],[137.74999,35.44813],[137.75268,35.44818],[137.75344,35.44692],[137.75351,35.44484],[137.75622,35.44483],[137.75697,35.44613],[137.75541,35.4479],[137.75683,35.44943],[137.75566,35.45145],[137.75482,35.45306],[137.7547,35.45523],[137.75418,35.45732],[137.75552,35.45926],[137.75662,35.45824],[137.75728,35.45968],[137.75825,35.46169],[137.75839,35.46378],[137.7565,35.46254],[137.75511,35.4606],[137.75402,35.45854],[137.75302,35.45645],[137.75217,35.45441],[137.75151,35.45228],[137.75033,35.45044],[137.7494,35.44833],[137.74991,35.44657],[137.75099,35.44464],[137.74905,35.44385],[137.74728,35.44434],[137.74555,35.44467],[137.74302,35.44427],[137.74039,35.44457],[137.73806,35.44573],[137.73607,35.44713],[137.7337,35.44828],[137.73131,35.44939],[137.72858,35.44942],[137.72655,35.45087],[137.72424,35.45199],[137.72163,35.45265],[137.71913,35.45349],[137.71733,35.45519],[137.71549,35.45643],[137.71585,35.45545],[137.71547,35.45472]]}},{"type":"Feature","properties":{"id":"Minamishinshuachi1_61","name":"W4 巡回バス 浪合線","agency":"阿智村","verdict":"適","accuracy":"A","L":29.9,"trips":6,"batt":18,"charges":0,"etr":13.2574,"regen":11.4881,"ew":9.2568,"mg":0.079072},"geometry":{"type":"LineString","coordinates":[[137.66869,35.35277],[137.66924,35.3538],[137.67012,35.35466],[137.6709,35.35558],[137.67151,35.35659],[137.67179,35.35768],[137.67197,35.3588],[137.6725,35.35982],[137.67248,35.36088],[137.67156,35.36161],[137.67067,35.36081],[137.67031,35.36162],[137.67077,35.36267],[137.67108,35.36374],[137.67174,35.36468],[137.67208,35.36571],[137.67303,35.36652],[137.67347,35.36758],[137.6741,35.3684],[137.67517,35.3691],[137.67609,35.36992],[137.67634,35.37102],[137.67704,35.37194],[137.67811,35.37264],[137.67904,35.37341],[137.6803,35.37377],[137.68165,35.37398],[137.68294,35.37433],[137.68421,35.37456],[137.6854,35.37475],[137.68648,35.37412],[137.68775,35.37453],[137.68888,35.37517],[137.69015,35.3749],[137.69108,35.37506],[137.69212,35.37524],[137.69333,35.37474],[137.69382,35.37377],[137.69439,35.37283],[137.69559,35.37249],[137.69686,35.37209],[137.69819,35.37228],[137.69894,35.37317],[137.70008,35.37368],[137.7013,35.37317],[137.70229,35.37242],[137.70346,35.37183],[137.7044,35.37102],[137.70539,35.37024],[137.70653,35.36967],[137.70684,35.36859],[137.70803,35.36832],[137.70938,35.36851],[137.71069,35.36855],[137.71176,35.36913],[137.71228,35.36899],[137.7124,35.36804],[137.71356,35.36745],[137.7147,35.36685],[137.71562,35.36602],[137.71566,35.36505],[137.71531,35.36427],[137.71473,35.36336],[137.71522,35.36413],[137.71572,35.36491],[137.71576,35.36591],[137.71482,35.36673],[137.71372,35.36736],[137.71258,35.36799],[137.71221,35.36885],[137.71181,35.36928],[137.71088,35.36857],[137.70955,35.36858],[137.70822,35.36834],[137.7069,35.36845],[137.70662,35.36954],[137.70553,35.37014],[137.70454,35.37092],[137.70409,35.37092],[137.70406,35.3699],[137.70298,35.36928],[137.70171,35.3697],[137.70059,35.37017],[137.69948,35.37078],[137.69846,35.37122],[137.6971,35.3713],[137.6958,35.37165],[137.6945,35.37202],[137.69325,35.37248],[137.69255,35.37342],[137.69162,35.37405],[137.69089,35.37475],[137.69051,35.37551],[137.68927,35.376],[137.68804,35.37645],[137.68697,35.37703],[137.68679,35.37782],[137.68793,35.37723],[137.68926,35.377],[137.69064,35.37705],[137.69135,35.37774],[137.69017,35.3781],[137.68912,35.37882],[137.68819,35.37964],[137.68748,35.3806],[137.68701,35.38164],[137.68681,35.38273],[137.68644,35.3838],[137.68531,35.3844],[137.68426,35.38509],[137.68463,35.38617],[137.68452,35.38719],[137.68323,35.38759],[137.68309,35.38854],[137.68335,35.38963],[137.68333,35.39075],[137.68331,35.39163],[137.68327,35.39272],[137.68383,35.39359],[137.68483,35.39433],[137.68526,35.39539],[137.68544,35.39646],[137.68605,35.39728],[137.68688,35.39782],[137.68777,35.39866],[137.68901,35.39915],[137.69018,35.39974],[137.69105,35.40061],[137.69189,35.4015],[137.69263,35.40244],[137.69284,35.40355],[137.69303,35.40466],[137.69361,35.40567],[137.69433,35.40662],[137.69515,35.40752],[137.69586,35.40849],[137.69637,35.40953],[137.69692,35.41056],[137.6972,35.41164],[137.69699,35.41275],[137.69741,35.41381],[137.69839,35.4146],[137.69921,35.41548],[137.69948,35.41658],[137.69959,35.4177],[137.69938,35.41881],[137.69934,35.41993],[137.69938,35.42105],[137.69956,35.42217],[137.69967,35.42329],[137.69977,35.42441],[137.69934,35.42546],[137.69888,35.42651],[137.6993,35.42754],[137.70003,35.42846],[137.6998,35.42956],[137.69943,35.43064],[137.69846,35.43143],[137.69863,35.43243],[137.69985,35.43225],[137.70007,35.43115],[137.70073,35.43019],[137.70201,35.42984],[137.70322,35.43032],[137.70395,35.43127],[137.70455,35.43228],[137.70515,35.43329],[137.70571,35.43432],[137.70567,35.43542],[137.7052,35.43648],[137.70489,35.43755],[137.70596,35.43807],[137.70722,35.43763],[137.70835,35.43818],[137.70926,35.43901],[137.71012,35.43987],[137.71103,35.44067],[137.71172,35.44163],[137.71274,35.44239],[137.71361,35.44326],[137.71465,35.44399],[137.71558,35.44481],[137.71691,35.44503],[137.71825,35.4453],[137.71934,35.44594],[137.71967,35.44702],[137.71988,35.44813],[137.72009,35.44924],[137.72052,35.45029],[137.7217,35.45084],[137.72074,35.45136],[137.71946,35.45175],[137.7183,35.45225],[137.71759,35.45318],[137.71704,35.45418],[137.71572,35.45439],[137.71545,35.45523],[137.71661,35.45584],[137.71579,35.45632],[137.71616,35.45637],[137.71703,35.4555],[137.71789,35.45462],[137.71879,35.45377],[137.71984,35.45305],[137.72117,35.45277],[137.72246,35.45237],[137.72381,35.45219],[137.72505,35.45195],[137.72614,35.45125],[137.72704,35.4504],[137.728,35.4496],[137.72933,35.44943],[137.7307,35.44952],[137.73197,35.4491],[137.73316,35.44853],[137.73435,35.44797],[137.73554,35.44739],[137.73673,35.44682],[137.73771,35.44615],[137.73863,35.44534],[137.73982,35.44477],[137.7411,35.44435],[137.74243,35.44412],[137.7437,35.44453],[137.74506,35.44452],[137.74595,35.44535],[137.74675,35.44618],[137.74781,35.4469],[137.74881,35.44767],[137.74969,35.44828],[137.74942,35.44835],[137.74899,35.44743],[137.74989,35.44658],[137.75079,35.44573],[137.75099,35.44466],[137.75031,35.44371],[137.74907,35.44384],[137.74804,35.44458],[137.74726,35.44432],[137.74701,35.44388],[137.74699,35.44377]]}},{"type":"Feature","properties":{"id":"Minamishinshuachi1_62","name":"W5 巡回バス 清内路線","agency":"阿智村","verdict":"適","accuracy":"A","L":18.5,"trips":12,"batt":4,"charges":0,"etr":4.6891,"regen":7.1785,"ew":2.1293,"mg":0.05636},"geometry":{"type":"LineString","coordinates":[[137.66216,35.52189],[137.66209,35.52143],[137.66251,35.52086],[137.66309,35.52038],[137.66371,35.51993],[137.66437,35.51952],[137.66501,35.5191],[137.6655,35.51856],[137.66594,35.51798],[137.66641,35.51743],[137.667,35.51696],[137.66768,35.51658],[137.66827,35.51611],[137.66875,35.51557],[137.66925,35.51504],[137.66996,35.51471],[137.6706,35.51428],[137.67125,35.51386],[137.67201,35.51361],[137.67249,35.5132],[137.67184,35.51278],[137.67106,35.51268],[137.67025,35.51254],[137.66951,35.51225],[137.6687,35.51218],[137.66857,35.51221],[137.66938,35.51222],[137.67013,35.5125],[137.67093,35.51266],[137.67173,35.51271],[137.67238,35.51313],[137.6731,35.5131],[137.6739,35.51295],[137.67454,35.51253],[137.67509,35.51203],[137.67568,35.51156],[137.67592,35.51092],[137.67584,35.51025],[137.67587,35.50959],[137.67608,35.50894],[137.67648,35.50837],[137.67724,35.50812],[137.67803,35.50791],[137.67878,35.50763],[137.6792,35.50706],[137.67963,35.50652],[137.68023,35.50608],[137.6807,35.50556],[137.68076,35.50489],[137.68148,35.50457],[137.68219,35.50428],[137.68299,35.50412],[137.6838,35.50397],[137.68453,35.5037],[137.68523,35.50338],[137.68601,35.50318],[137.6866,35.50277],[137.68734,35.50251],[137.68813,35.50243],[137.68891,35.50229],[137.68953,35.50199],[137.68978,35.50136],[137.69056,35.50129],[137.69138,35.5013],[137.69216,35.50112],[137.69299,35.50116],[137.69371,35.50084],[137.69397,35.50021],[137.69446,35.49967],[137.69521,35.49939],[137.69599,35.49917],[137.69679,35.49902],[137.69758,35.49922],[137.69837,35.49908],[137.69913,35.49885],[137.69996,35.49891],[137.7007,35.49866],[137.70146,35.49875],[137.70194,35.49821],[137.70271,35.49797],[137.70341,35.49762],[137.70422,35.4975],[137.70504,35.49759],[137.70584,35.49758],[137.70593,35.49693],[137.70573,35.49629],[137.70497,35.49605],[137.70434,35.49588],[137.70447,35.49599],[137.70429,35.49541],[137.70409,35.49476],[137.70415,35.49409],[137.70429,35.49342],[137.70448,35.49277],[137.70493,35.49237],[137.70473,35.49174],[137.70412,35.49129],[137.70381,35.4907],[137.70389,35.49003],[137.70391,35.48966],[137.70383,35.49022],[137.7038,35.4909],[137.70429,35.49143],[137.70485,35.49191],[137.70486,35.49256],[137.70454,35.49256],[137.70447,35.49191],[137.70393,35.49141],[137.70333,35.49094],[137.7029,35.49037],[137.70263,35.48973],[137.70228,35.48912],[137.70197,35.4885],[137.70176,35.48785],[137.70155,35.48719],[137.70162,35.48653],[137.70183,35.48587],[137.70205,35.48522],[137.7021,35.48456],[137.70175,35.48395],[137.70135,35.48336],[137.70102,35.48275],[137.70046,35.48225],[137.69998,35.48171],[137.70002,35.48106],[137.70053,35.48053],[137.70107,35.48002],[137.70092,35.47941],[137.70107,35.4788],[137.70133,35.47821],[137.70107,35.47757],[137.70057,35.47706],[137.69979,35.47684],[137.69936,35.47629],[137.69935,35.47562],[137.69937,35.47495],[137.70002,35.47461],[137.70072,35.47427],[137.70131,35.4738],[137.70174,35.47323],[137.70202,35.47259],[137.70208,35.47193],[137.70169,35.47134],[137.70117,35.47082],[137.70132,35.4702],[137.70191,35.46975],[137.70219,35.46912],[137.70249,35.46849],[137.7028,35.46787],[137.70306,35.46723],[137.70335,35.4666],[137.70403,35.46623],[137.70454,35.46573],[137.7051,35.46524],[137.70543,35.46463],[137.70602,35.4643],[137.70656,35.46479],[137.70698,35.46537],[137.70754,35.46584],[137.7083,35.46567],[137.70889,35.4652],[137.70947,35.46472],[137.70991,35.46415],[137.71029,35.46355],[137.71053,35.46291],[137.71059,35.46224],[137.71065,35.46157],[137.71071,35.4609],[137.7109,35.46024],[137.71109,35.45958],[137.71136,35.45895],[137.71194,35.45847],[137.71257,35.45803],[137.71331,35.45774],[137.71407,35.45746],[137.71483,35.45719],[137.71552,35.45683],[137.71589,35.45639],[137.71567,35.45664],[137.71626,35.45629],[137.71677,35.45576],[137.71729,35.45523],[137.71781,35.45471],[137.71832,35.45418],[137.71889,35.45369],[137.71949,35.45322],[137.72024,35.45295],[137.72104,35.4528],[137.72182,35.45258],[137.7226,35.45234],[137.72342,35.45227],[137.72416,35.45217],[137.72494,35.45201],[137.72561,35.45161],[137.72623,35.45117],[137.72677,35.45066],[137.72731,35.45015],[137.72789,35.44966],[137.72865,35.44941],[137.72947,35.44945],[137.73029,35.44952],[137.73111,35.44945],[137.73186,35.44916],[137.73257,35.44882],[137.73328,35.44848],[137.734,35.44814],[137.73471,35.44779],[137.73542,35.44745],[137.73613,35.4471],[137.73685,35.44676],[137.73756,35.44641],[137.73794,35.44587],[137.73852,35.4454],[137.7392,35.44502],[137.73994,35.44472],[137.74072,35.44448],[137.74149,35.44424],[137.7423,35.44411],[137.74308,35.44429],[137.74383,35.44457],[137.74466,35.44458],[137.74539,35.44471],[137.74587,35.44526],[137.74621,35.44583],[137.74686,35.44626],[137.7475,35.44668],[137.74813,35.44712],[137.74872,35.44759],[137.74923,35.44812],[137.74981,35.44822],[137.74974,35.44826],[137.74919,35.44807],[137.74891,35.44752],[137.74944,35.447],[137.74998,35.44649],[137.75052,35.44598],[137.75101,35.44544],[137.75098,35.44477],[137.75073,35.44415],[137.75022,35.44362],[137.74942,35.44367],[137.74874,35.44405],[137.74811,35.44448],[137.74759,35.44428],[137.74736,35.44432],[137.74705,35.44413],[137.74711,35.44363],[137.74695,35.44367]]}},{"type":"Feature","properties":{"id":"Minamishinshuachi1_63","name":"W6 巡回バス 智里東線","agency":"阿智村","verdict":"適","accuracy":"A","L":28.2,"trips":3,"batt":39,"charges":0,"etr":18.7267,"regen":5.4957,"ew":20.2873,"mg":0.084474},"geometry":{"type":"LineString","coordinates":[[137.74701,35.4438],[137.74599,35.44445],[137.74483,35.44455],[137.74349,35.44445],[137.7422,35.44411],[137.74088,35.44442],[137.73961,35.44485],[137.73844,35.44545],[137.73766,35.44633],[137.73652,35.44691],[137.73534,35.44749],[137.73415,35.44806],[137.73296,35.44863],[137.73177,35.4492],[137.73047,35.44952],[137.7291,35.44941],[137.72781,35.44971],[137.72689,35.45055],[137.72597,35.45139],[137.72486,35.45205],[137.72358,35.45196],[137.72252,35.45124],[137.72131,35.45072],[137.7203,35.45],[137.72002,35.4489],[137.71982,35.44779],[137.71961,35.44668],[137.71908,35.44567],[137.71784,35.44521],[137.71649,35.44501],[137.71528,35.44458],[137.71432,35.44378],[137.71334,35.44299],[137.71244,35.44214],[137.71144,35.44137],[137.71086,35.44036],[137.7098,35.43965],[137.70895,35.43878],[137.70808,35.43791],[137.70681,35.43772],[137.70554,35.43807],[137.70488,35.43721],[137.70534,35.43615],[137.70578,35.43509],[137.70556,35.434],[137.70496,35.43298],[137.70437,35.43197],[137.70376,35.43096],[137.7032,35.42997],[137.70269,35.42901],[137.70229,35.42798],[137.70134,35.42728],[137.70253,35.4271],[137.70245,35.42722],[137.70133,35.4274],[137.70239,35.42809],[137.70282,35.42909],[137.70325,35.4301],[137.70384,35.43108],[137.70444,35.43209],[137.70504,35.4331],[137.70562,35.43412],[137.70574,35.43522],[137.70549,35.43629],[137.70457,35.43643],[137.70341,35.43665],[137.7027,35.43745],[137.7021,35.43827],[137.70329,35.43882],[137.70273,35.43965],[137.70329,35.44049],[137.70435,35.44115],[137.70467,35.44214],[137.70554,35.44292],[137.70665,35.44358],[137.7072,35.44447],[137.70781,35.44541],[137.70884,35.44601],[137.70995,35.4454],[137.71121,35.44568],[137.71253,35.44585],[137.71363,35.44618],[137.71469,35.44624],[137.71582,35.44678],[137.71692,35.44615],[137.71806,35.44551],[137.71924,35.44576],[137.71839,35.44499],[137.71708,35.44477],[137.71764,35.44487],[137.71873,35.44533],[137.71947,35.44616],[137.71972,35.44727],[137.71993,35.44838],[137.72014,35.44949],[137.72074,35.45047],[137.72169,35.45103],[137.72044,35.45141],[137.71917,35.45178],[137.71811,35.45244],[137.7175,35.45342],[137.71674,35.45416],[137.71557,35.4546],[137.7157,35.45537],[137.71652,35.45602],[137.71552,35.45639],[137.71636,35.45618],[137.71722,35.45531],[137.71808,35.45443],[137.719,35.4536],[137.72012,35.45297],[137.72146,35.4527],[137.72276,35.45232],[137.72404,35.45215],[137.7253,35.4518],[137.72634,35.45107],[137.72724,35.45022],[137.72657,35.44953],[137.72722,35.44884],[137.72852,35.44867],[137.72983,35.44862],[137.73088,35.448],[137.73192,35.4473],[137.73301,35.4473],[137.73374,35.44826],[137.73493,35.44769],[137.73611,35.44711],[137.7373,35.44654],[137.73808,35.44569],[137.73918,35.44503],[137.74043,35.44456],[137.74173,35.44417],[137.74227,35.44345],[137.74362,35.44322],[137.74462,35.44259],[137.74503,35.44153],[137.74611,35.44087],[137.74686,35.43994],[137.74763,35.43906],[137.74865,35.43909],[137.74999,35.43904],[137.75124,35.43857],[137.75255,35.43828],[137.75389,35.4385],[137.75492,35.43923],[137.75539,35.44026],[137.7554,35.44139],[137.75538,35.44251],[137.75537,35.44364],[137.75523,35.44475],[137.75514,35.44587],[137.75512,35.447],[137.75515,35.44797],[137.75379,35.44815],[137.75248,35.4481],[137.75111,35.44808],[137.74999,35.44826],[137.74919,35.44807],[137.74926,35.44718],[137.75016,35.44633],[137.75101,35.44545],[137.75087,35.44435],[137.74997,35.44361],[137.74875,35.44404],[137.74777,35.44446],[137.74749,35.44418],[137.74712,35.44364],[137.74638,35.44425],[137.74527,35.44459],[137.74391,35.44458],[137.74265,35.44414],[137.74131,35.44429],[137.74002,35.44469],[137.73881,35.44523],[137.73784,35.446],[137.73692,35.44672],[137.73573,35.4473],[137.73455,35.44787],[137.73336,35.44844],[137.73217,35.44901],[137.73092,35.44949],[137.72955,35.44946],[137.7282,35.44951],[137.72719,35.45027],[137.72629,35.45112],[137.72517,35.45176],[137.72385,35.45205],[137.7225,35.45229],[137.72125,35.45275],[137.71992,35.45303],[137.71885,35.45372],[137.71794,35.45457],[137.71708,35.45545],[137.71622,35.45632],[137.71572,35.4567],[137.71665,35.45588],[137.71552,35.45527],[137.71565,35.45444],[137.71696,35.45417],[137.71674,35.45516],[137.71735,35.45517],[137.71821,35.45429],[137.71916,35.45347],[137.72033,35.45293],[137.72166,35.45264],[137.72297,35.45229],[137.72426,35.45217],[137.72547,35.4517],[137.72648,35.45094],[137.72738,35.45009],[137.72847,35.44943],[137.72984,35.44949],[137.7312,35.44942],[137.73242,35.44889],[137.73361,35.44832],[137.7348,35.44775],[137.73598,35.44718],[137.73717,35.4466],[137.738,35.4458],[137.73905,35.4451],[137.74029,35.4446],[137.74158,35.44421],[137.74292,35.44423],[137.7442,35.44459],[137.74546,35.44473],[137.74664,35.44415],[137.74698,35.4436]]}},{"type":"Feature","properties":{"id":"Minamishinshuiida2_35","name":"丘のまちプチバス プッチ―","agency":"飯田市","verdict":"適","accuracy":"A","L":2,"trips":24,"batt":3,"charges":0,"etr":1.235,"regen":0,"ew":1.7617,"mg":0.021894},"geometry":{"type":"LineString","coordinates":[[137.83033,35.51233],[137.83011,35.51247],[137.83017,35.51267],[137.83013,35.51282],[137.82987,35.51291],[137.82962,35.513],[137.82937,35.5131],[137.82912,35.5132],[137.82887,35.5133],[137.82863,35.5134],[137.82838,35.51349],[137.82813,35.51359],[137.82788,35.51369],[137.82763,35.51379],[137.82738,35.51389],[137.82725,35.51372],[137.82713,35.51352],[137.82696,35.51343],[137.82672,35.51354],[137.82647,35.51364],[137.82623,35.51374],[137.82598,35.51385],[137.82602,35.51401],[137.82618,35.5142],[137.82628,35.51438],[137.82605,35.5145],[137.82581,35.51461],[137.82558,35.51473],[137.82534,35.51485],[137.82511,35.51497],[137.82495,35.51482],[137.82479,35.51464],[137.82464,35.51445],[137.82449,35.51426],[137.82433,35.51407],[137.8241,35.51417],[137.82386,35.51428],[137.82362,35.5144],[137.82338,35.51451],[137.82314,35.51462],[137.8229,35.51473],[137.82267,35.51485],[137.82243,35.51496],[137.8223,35.51483],[137.82219,35.51464],[137.82202,35.51447],[137.82202,35.51464],[137.82224,35.51476],[137.82231,35.51495],[137.82219,35.51508],[137.82195,35.5152],[137.82172,35.51532],[137.8215,35.51546],[137.82129,35.5156],[137.82136,35.51577],[137.82153,35.51595],[137.82153,35.51611],[137.8213,35.51623],[137.82107,35.51635],[137.82084,35.51648],[137.82061,35.5166],[137.82038,35.51673],[137.82015,35.51685],[137.81992,35.51697],[137.81969,35.5171],[137.81946,35.51722],[137.81923,35.51735],[137.819,35.51748],[137.81903,35.51763],[137.81921,35.5178],[137.81938,35.51798],[137.81959,35.51812],[137.8198,35.51826],[137.82002,35.5184],[137.82024,35.5184],[137.82043,35.51824],[137.82062,35.51828],[137.82078,35.51846],[137.82092,35.51865],[137.82076,35.51883]]}},{"type":"Feature","properties":{"id":"MinamishinshuIidacity1_10L","name":"L1 市民バス 循環線","agency":"飯田市","verdict":"適","accuracy":"B","L":12.5,"trips":15,"batt":15,"charges":1,"etr":5.7224,"regen":1.066,"ew":7.7876,"mg":0.050129},"geometry":{"type":"LineString","coordinates":[[137.81919,35.51731],[137.81953,35.51766],[137.81987,35.51802],[137.82021,35.51837],[137.82055,35.51872],[137.82091,35.51901],[137.8214,35.51881],[137.82189,35.5186],[137.82238,35.51839],[137.82287,35.51818],[137.82336,35.51798],[137.82385,35.51777],[137.82433,35.51755],[137.82479,35.51729],[137.82524,35.51704],[137.82569,35.51678],[137.82615,35.51652],[137.8266,35.51626],[137.82703,35.51599],[137.82735,35.51562],[137.82767,35.51525],[137.82799,35.51489],[137.82832,35.51452],[137.8286,35.51418],[137.82804,35.51417],[137.82749,35.51417],[137.82694,35.51416],[137.82639,35.51415],[137.82583,35.51415],[137.82528,35.51414],[137.82473,35.51412],[137.82418,35.5141],[137.82363,35.51409],[137.82307,35.51407],[137.82252,35.51405],[137.82198,35.51398],[137.82145,35.51385],[137.82093,35.51371],[137.8204,35.51358],[137.81987,35.51344],[137.81935,35.51331],[137.81882,35.51317],[137.81829,35.51304],[137.81776,35.5129],[137.81724,35.51277],[137.81671,35.51263],[137.81618,35.5125],[137.81566,35.51236],[137.81513,35.51223],[137.8146,35.51209],[137.81408,35.51196],[137.81362,35.51176],[137.81337,35.51136],[137.81312,35.51095],[137.81288,35.51055],[137.81263,35.51015],[137.81238,35.50975],[137.81214,35.50934],[137.81191,35.50894],[137.81182,35.50849],[137.81173,35.50805],[137.81163,35.50761],[137.81154,35.50716],[137.81145,35.50672],[137.81136,35.50628],[137.81127,35.50583],[137.81117,35.50539],[137.81108,35.50495],[137.81099,35.5045],[137.8109,35.50406],[137.81081,35.50362],[137.81071,35.50317],[137.81062,35.50273],[137.81063,35.50232],[137.81109,35.50208],[137.81156,35.50183],[137.81202,35.50159],[137.81248,35.50134],[137.81295,35.5011],[137.81341,35.50085],[137.81387,35.50061],[137.81434,35.50036],[137.8148,35.50012],[137.81526,35.49988],[137.8158,35.4998],[137.81635,35.49973],[137.8169,35.49967],[137.81744,35.4996],[137.81799,35.49954],[137.81854,35.49947],[137.81908,35.49941],[137.81963,35.49934],[137.82018,35.49927],[137.82072,35.49921],[137.82127,35.49914],[137.82182,35.49908],[137.82236,35.49901],[137.82291,35.49895],[137.82346,35.49888],[137.824,35.49882],[137.82455,35.49875],[137.82509,35.49869],[137.82564,35.49862],[137.82619,35.49856],[137.82673,35.49849],[137.82728,35.49842],[137.82783,35.49836],[137.82835,35.49845],[137.82886,35.49863],[137.82937,35.4988],[137.82988,35.49897],[137.83041,35.49909],[137.83096,35.49914],[137.8315,35.4992],[137.83205,35.49925],[137.8326,35.4993],[137.83315,35.49935],[137.8337,35.49941],[137.83425,35.49946],[137.8348,35.49951],[137.83533,35.49962],[137.83582,35.49981],[137.83632,35.50001],[137.83681,35.50021],[137.83731,35.50041],[137.8378,35.50061],[137.8383,35.5008],[137.83843,35.50105],[137.83804,35.50137],[137.83764,35.50168],[137.83721,35.50194],[137.83667,35.50199],[137.83612,35.50204],[137.83557,35.50209],[137.83502,35.50215],[137.83447,35.5022],[137.83392,35.50225],[137.83337,35.5023],[137.83283,35.50236],[137.83228,35.50241],[137.83173,35.50244],[137.83118,35.5024],[137.83063,35.50237],[137.83008,35.50233],[137.82953,35.5023],[137.82898,35.50226],[137.82843,35.50223],[137.82787,35.50219],[137.82766,35.50257],[137.82749,35.503],[137.82731,35.50342],[137.82713,35.50385],[137.82695,35.50428],[137.82678,35.5047],[137.8266,35.50513],[137.82669,35.50542],[137.82724,35.50547],[137.82778,35.50552],[137.82833,35.50558],[137.82888,35.50563],[137.82943,35.50568],[137.82998,35.50565],[137.83053,35.50559],[137.83107,35.50554],[137.83162,35.50548],[137.83217,35.50543],[137.83261,35.50556],[137.83292,35.50593],[137.83324,35.5063],[137.83355,35.50668],[137.83386,35.50705],[137.83431,35.50722],[137.83486,35.50725],[137.83542,35.50728],[137.83597,35.50731],[137.83652,35.50734],[137.83707,35.50737],[137.83762,35.5074],[137.83813,35.50729],[137.8386,35.50705],[137.83907,35.50682],[137.83954,35.50658],[137.84001,35.50635],[137.84048,35.50611],[137.84095,35.50588],[137.84143,35.50564],[137.8419,35.50541],[137.84186,35.50551],[137.84149,35.50585],[137.84112,35.50618],[137.84075,35.50651],[137.84038,35.50685],[137.84001,35.50718],[137.83964,35.50751],[137.83927,35.50785],[137.8389,35.50818],[137.83853,35.50852],[137.83846,35.50891],[137.83859,35.50935],[137.83873,35.50978],[137.8392,35.51002],[137.83967,35.51025],[137.84014,35.51049],[137.84007,35.51092],[137.83998,35.51137],[137.83989,35.51181],[137.83973,35.51219],[137.83918,35.51224],[137.83863,35.51229],[137.83808,35.51234],[137.83753,35.51238],[137.83698,35.51243],[137.83643,35.51248],[137.83609,35.51282],[137.83577,35.51318],[137.83545,35.51355],[137.83513,35.51392],[137.83481,35.51428],[137.83449,35.51465],[137.83417,35.51502],[137.83373,35.51527],[137.83325,35.51551],[137.83278,35.51574],[137.83231,35.51597],[137.83183,35.5162],[137.83136,35.51643],[137.83089,35.51666],[137.83038,35.51675],[137.82983,35.51669],[137.82928,35.51663],[137.82873,35.51657],[137.82818,35.51651],[137.82765,35.5164],[137.82712,35.51628],[137.82659,35.5162],[137.82614,35.51645],[137.82568,35.5167],[137.82522,35.51695],[137.82476,35.51721],[137.8243,35.51745],[137.82382,35.51767],[137.82334,35.51789],[137.82285,35.51811],[137.82237,35.51832],[137.82189,35.51854],[137.8214,35.51876],[137.82092,35.51897],[137.82056,35.51872],[137.82023,35.51836],[137.8199,35.518],[137.81956,35.51764],[137.8194,35.51746]]}},{"type":"Feature","properties":{"id":"MinamishinshuIidacity1_10R","name":"L1 市民バス 循環線","agency":"飯田市","verdict":"適","accuracy":"B","L":12.6,"trips":15,"batt":15,"charges":1,"etr":6.2775,"regen":1.3548,"ew":8.0602,"mg":0.048267},"geometry":{"type":"LineString","coordinates":[[137.81919,35.51731],[137.81953,35.51766],[137.81987,35.51802],[137.82021,35.51837],[137.82055,35.51872],[137.82091,35.51901],[137.8214,35.51881],[137.82189,35.5186],[137.82238,35.51839],[137.82287,35.51818],[137.82336,35.51798],[137.82385,35.51777],[137.82433,35.51755],[137.82479,35.51729],[137.82524,35.51704],[137.82569,35.51678],[137.82615,35.51652],[137.8266,35.51626],[137.82706,35.51611],[137.82753,35.51634],[137.82801,35.51656],[137.82855,35.51661],[137.8291,35.51666],[137.82965,35.51671],[137.8302,35.51676],[137.83075,35.51681],[137.83123,35.5166],[137.83171,35.51637],[137.83218,35.51614],[137.83265,35.5159],[137.83312,35.51567],[137.8336,35.51544],[137.83407,35.51521],[137.8344,35.51485],[137.83471,35.51448],[137.83502,35.51411],[137.83533,35.51373],[137.83564,35.51336],[137.83596,35.51299],[137.83627,35.51262],[137.83673,35.51246],[137.83728,35.51241],[137.83783,35.51237],[137.83838,35.51232],[137.83893,35.51228],[137.83948,35.51223],[137.84,35.51217],[137.84006,35.51172],[137.84012,35.51127],[137.84018,35.51083],[137.84013,35.51042],[137.83967,35.51017],[137.83921,35.50993],[137.83877,35.50967],[137.83871,35.50922],[137.83866,35.50878],[137.8386,35.50833],[137.83897,35.508],[137.83935,35.50767],[137.83973,35.50735],[137.8401,35.50702],[137.84048,35.50669],[137.84086,35.50636],[137.84124,35.50604],[137.84162,35.50571],[137.842,35.50538],[137.84172,35.5055],[137.84124,35.50573],[137.84077,35.50597],[137.8403,35.5062],[137.83983,35.50644],[137.83936,35.50667],[137.83889,35.50691],[137.83842,35.50714],[137.83795,35.50738],[137.83741,35.50738],[137.83686,35.50735],[137.83631,35.50731],[137.83576,35.50728],[137.83521,35.50724],[137.83466,35.50721],[137.83411,35.50717],[137.83378,35.50682],[137.83346,35.50645],[137.83315,35.50608],[137.83283,35.50571],[137.83251,35.50535],[137.832,35.50535],[137.83145,35.5054],[137.8309,35.50546],[137.83035,35.50552],[137.82981,35.50557],[137.82926,35.50553],[137.82871,35.50547],[137.82816,35.50541],[137.82762,35.50535],[137.82707,35.50529],[137.82654,35.50522],[137.82674,35.50481],[137.82695,35.50439],[137.82716,35.50397],[137.82736,35.50355],[137.82757,35.50314],[137.82777,35.50272],[137.82798,35.5023],[137.82849,35.50229],[137.82904,35.50233],[137.82959,35.50236],[137.83015,35.5024],[137.8307,35.50243],[137.83125,35.50247],[137.8318,35.50247],[137.83235,35.50242],[137.83289,35.50238],[137.83344,35.50233],[137.83399,35.50228],[137.83454,35.50223],[137.83509,35.50218],[137.83564,35.50214],[137.83619,35.50209],[137.83674,35.50204],[137.83729,35.50199],[137.8377,35.50172],[137.83807,35.50139],[137.83844,35.50106],[137.83844,35.50079],[137.83794,35.5006],[137.83744,35.50041],[137.83693,35.50022],[137.83643,35.50003],[137.83593,35.49984],[137.83543,35.49965],[137.83491,35.49954],[137.83436,35.49954],[137.8338,35.49953],[137.83325,35.49953],[137.8327,35.49953],[137.83215,35.49952],[137.83159,35.49952],[137.83107,35.49943],[137.83058,35.49922],[137.83009,35.49902],[137.8296,35.49881],[137.82911,35.4986],[137.82862,35.49839],[137.82813,35.49818],[137.8276,35.49816],[137.82705,35.49822],[137.8265,35.49827],[137.82595,35.49833],[137.82541,35.49838],[137.82486,35.49844],[137.82431,35.49849],[137.82376,35.49854],[137.82321,35.4986],[137.82266,35.49865],[137.82212,35.49871],[137.82157,35.49876],[137.82102,35.49882],[137.82047,35.49887],[137.81992,35.49893],[137.81937,35.49898],[137.81883,35.49904],[137.81828,35.49909],[137.81773,35.49915],[137.81723,35.49932],[137.81676,35.49956],[137.81629,35.49979],[137.81582,35.50003],[137.81535,35.50027],[137.81488,35.5005],[137.81441,35.50074],[137.81395,35.50098],[137.81348,35.50121],[137.81301,35.50145],[137.81254,35.50169],[137.81207,35.50192],[137.8116,35.50216],[137.81113,35.50239],[137.81069,35.50264],[137.81077,35.50309],[137.81084,35.50353],[137.81092,35.50398],[137.811,35.50442],[137.81108,35.50487],[137.81116,35.50531],[137.81124,35.50576],[137.81132,35.5062],[137.8114,35.50665],[137.81148,35.50709],[137.81156,35.50754],[137.81163,35.50798],[137.81171,35.50843],[137.81179,35.50887],[137.81197,35.50929],[137.81221,35.5097],[137.81246,35.5101],[137.81271,35.5105],[137.81295,35.5109],[137.8132,35.51131],[137.81345,35.51171],[137.81386,35.51195],[137.81438,35.5121],[137.81491,35.51225],[137.81543,35.51239],[137.81595,35.51254],[137.81647,35.51268],[137.817,35.51283],[137.81752,35.51297],[137.81804,35.51312],[137.81856,35.51326],[137.81909,35.51341],[137.81961,35.51356],[137.82013,35.5137],[137.82066,35.51385],[137.82118,35.51399],[137.8217,35.51414],[137.82222,35.51427],[137.82277,35.5142],[137.82332,35.51413],[137.82386,35.51405],[137.82441,35.51398],[137.82495,35.51396],[137.8255,35.51399],[137.82606,35.51403],[137.82661,35.51406],[137.82716,35.51409],[137.82771,35.51412],[137.82826,35.51416],[137.8285,35.5143],[137.82816,35.51465],[137.82781,35.515],[137.82746,35.51535],[137.82711,35.5157],[137.82677,35.51604],[137.82635,35.51633],[137.82589,35.51658],[137.82544,35.51684],[137.82498,35.51709],[137.82452,35.51734],[137.82405,35.51757],[137.82356,35.51779],[137.82308,35.518],[137.82259,35.51822],[137.82211,35.51844],[137.82163,35.51866],[137.82114,35.51887],[137.82071,35.51888],[137.82038,35.51852],[137.82005,35.51817],[137.81972,35.51781],[137.81939,35.51745]]}},{"type":"Feature","properties":{"id":"MinamishinshuIidacity1_18","name":"C2 市民バス 久堅線","agency":"飯田市","verdict":"適","accuracy":"B","L":16.6,"trips":2,"batt":15,"charges":0,"etr":9.6036,"regen":5.8201,"ew":7.9273,"mg":0.060794},"geometry":{"type":"LineString","coordinates":[[137.87689,35.43641],[137.87753,35.43684],[137.87817,35.43727],[137.87881,35.4377],[137.87945,35.43812],[137.88003,35.4386],[137.88056,35.43912],[137.88108,35.43964],[137.8816,35.44017],[137.88213,35.44069],[137.88265,35.44121],[137.88318,35.44173],[137.8837,35.44225],[137.88418,35.44279],[137.88442,35.44344],[137.88465,35.44409],[137.88478,35.44475],[137.88484,35.44542],[137.88491,35.4461],[137.88496,35.44677],[137.88475,35.44742],[137.88454,35.44807],[137.88426,35.4487],[137.88397,35.44934],[137.88369,35.44997],[137.88355,35.45064],[137.8834,35.4513],[137.88326,35.45196],[137.88311,35.45263],[137.88297,35.45329],[137.88282,35.45396],[137.88267,35.45462],[137.88253,35.45528],[137.88238,35.45595],[137.88226,35.45661],[137.88218,35.45729],[137.8821,35.45796],[137.88201,35.45863],[137.88192,35.4593],[137.88174,35.45996],[137.88157,35.46062],[137.88127,35.4612],[137.88051,35.46146],[137.87975,35.46172],[137.87898,35.46198],[137.87822,35.46225],[137.87746,35.46251],[137.8767,35.46278],[137.87596,35.46308],[137.87522,35.46339],[137.87448,35.46369],[137.87369,35.46383],[137.87287,35.46383],[137.87204,35.46382],[137.87121,35.46382],[137.87038,35.46382],[137.86955,35.46381],[137.86873,35.46381],[137.8679,35.46383],[137.86714,35.46409],[137.86637,35.46435],[137.86561,35.46461],[137.86485,35.46487],[137.86408,35.46513],[137.86332,35.46539],[137.86303,35.46596],[137.86288,35.46663],[137.86273,35.46729],[137.86257,35.46795],[137.86242,35.46861],[137.86227,35.46928],[137.86217,35.46994],[137.86243,35.47058],[137.8627,35.47122],[137.86296,35.47186],[137.86322,35.47249],[137.86349,35.47313],[137.8633,35.47366],[137.86263,35.47407],[137.86197,35.47447],[137.86131,35.47488],[137.86065,35.47529],[137.85999,35.47569],[137.85924,35.47584],[137.85841,35.47578],[137.85759,35.47573],[137.85676,35.47567],[137.85594,35.47562],[137.85511,35.47556],[137.85428,35.47551],[137.85346,35.47543],[137.85264,35.47532],[137.85183,35.47522],[137.85101,35.47512],[137.85019,35.47502],[137.84977,35.47545],[137.84951,35.47609],[137.84925,35.47673],[137.84917,35.47738],[137.84929,35.47805],[137.8494,35.47872],[137.84952,35.47939],[137.84964,35.48006],[137.84959,35.4807],[137.84918,35.48128],[137.84877,35.48187],[137.84835,35.48245],[137.84794,35.48304],[137.84753,35.48362],[137.84711,35.48421],[137.8467,35.48479],[137.84629,35.48537],[137.84596,35.48598],[137.84592,35.48665],[137.84587,35.48733],[137.84582,35.488],[137.84577,35.48867],[137.84572,35.48935],[137.84567,35.49002],[137.84537,35.49065],[137.84505,35.49126],[137.84472,35.49188],[137.84439,35.4925],[137.84405,35.49312],[137.84336,35.49349],[137.84268,35.49387],[137.84199,35.49424],[137.8413,35.49462],[137.84061,35.49499],[137.83992,35.49536],[137.83988,35.49597],[137.84002,35.49664],[137.84015,35.4973],[137.84033,35.49796],[137.8407,35.49856],[137.84107,35.49916],[137.84144,35.49977],[137.84184,35.50035],[137.84236,35.50088],[137.84288,35.50141],[137.8434,35.50193],[137.84391,35.50246],[137.84443,35.50298],[137.84445,35.50319],[137.8437,35.50289],[137.84295,35.5026],[137.84221,35.50231],[137.84146,35.50202],[137.84071,35.50172],[137.83997,35.50143],[137.83922,35.50114],[137.83847,35.50085],[137.83773,35.50055],[137.83698,35.50026],[137.83623,35.49997],[137.83549,35.49968],[137.83555,35.49971],[137.8363,35.5],[137.83704,35.5003],[137.83779,35.5006],[137.83853,35.5009],[137.83805,35.50135],[137.83746,35.50183],[137.83669,35.50199],[137.83586,35.50207],[137.83504,35.50215],[137.83422,35.50222],[137.8334,35.5023],[137.83257,35.50238],[137.83175,35.50244],[137.83092,35.50239],[137.8301,35.50233],[137.82927,35.50228],[137.82845,35.50223],[137.82776,35.50234],[137.82749,35.50298],[137.82723,35.50362],[137.82696,35.50426],[137.8267,35.5049],[137.82661,35.50551],[137.82717,35.506],[137.82773,35.5065],[137.82836,35.50688],[137.82919,35.50693],[137.83001,35.50698],[137.83084,35.50702],[137.83167,35.50707],[137.83249,35.50711],[137.83332,35.50716],[137.83403,35.50732],[137.83428,35.50797],[137.83452,35.50861],[137.83477,35.50926],[137.83492,35.50991],[137.83481,35.51057],[137.8347,35.51124],[137.83459,35.51191],[137.83411,35.51238],[137.83339,35.51273],[137.83268,35.51307],[137.83197,35.51342],[137.83126,35.51377],[137.83055,35.51411],[137.82984,35.51446],[137.82913,35.51481],[137.82842,35.51515],[137.82769,35.51514],[137.82695,35.51483],[137.82622,35.51453],[137.82548,35.51422],[137.82477,35.51441],[137.82406,35.51476],[137.82336,35.51512],[137.82265,35.51548],[137.82196,35.51584],[137.82127,35.51621],[137.82057,35.51658],[137.81988,35.51695],[137.8192,35.51732],[137.81971,35.51785],[137.82022,35.51838],[137.82073,35.51891]]}},{"type":"Feature","properties":{"id":"MinamishinshuIidacity1_19","name":"C3 市民バス 千代線","agency":"飯田市","verdict":"適","accuracy":"B","L":20.3,"trips":2,"batt":19,"charges":0,"etr":9.5776,"regen":4.7948,"ew":9.864,"mg":0.096386},"geometry":{"type":"LineString","coordinates":[[137.86814,35.40282],[137.86791,35.40347],[137.86769,35.40412],[137.86747,35.40477],[137.86715,35.40538],[137.86674,35.40597],[137.86632,35.40655],[137.86591,35.40713],[137.86549,35.40772],[137.86508,35.4083],[137.86466,35.40888],[137.86476,35.40949],[137.86511,35.4101],[137.86545,35.41072],[137.8658,35.41133],[137.86614,35.41194],[137.86648,35.41256],[137.86683,35.41317],[137.86717,35.41378],[137.86752,35.4144],[137.86786,35.41501],[137.8682,35.41562],[137.86855,35.41624],[137.86913,35.4167],[137.86979,35.4171],[137.86898,35.41703],[137.86816,35.41696],[137.8674,35.41723],[137.86665,35.41751],[137.86589,35.41779],[137.86514,35.41806],[137.86437,35.41832],[137.8636,35.41855],[137.86282,35.41879],[137.86204,35.41902],[137.86127,35.41925],[137.86049,35.41948],[137.85971,35.41972],[137.85893,35.41995],[137.85816,35.42018],[137.85739,35.42043],[137.85678,35.42089],[137.85617,35.42134],[137.85556,35.4218],[137.85496,35.42226],[137.85435,35.42271],[137.85374,35.42317],[137.85313,35.42363],[137.85252,35.42408],[137.85191,35.42454],[137.8513,35.425],[137.8507,35.42546],[137.85009,35.42591],[137.84956,35.42642],[137.84924,35.42704],[137.84892,35.42766],[137.8486,35.42828],[137.84828,35.42891],[137.84796,35.42953],[137.84763,35.43015],[137.84731,35.43077],[137.84683,35.43128],[137.84615,35.43167],[137.84547,35.43206],[137.84479,35.43245],[137.84412,35.43283],[137.84344,35.43322],[137.84271,35.43353],[137.84195,35.4338],[137.84119,35.43407],[137.84043,35.43433],[137.83967,35.4346],[137.83891,35.43487],[137.83815,35.43514],[137.83739,35.43541],[137.83666,35.43573],[137.83594,35.43606],[137.83522,35.43638],[137.83449,35.43671],[137.83377,35.43704],[137.83305,35.43737],[137.83232,35.4377],[137.83167,35.4381],[137.83107,35.43856],[137.83046,35.43903],[137.82986,35.43949],[137.82926,35.43995],[137.82873,35.44045],[137.82856,35.44111],[137.8284,35.44177],[137.82828,35.44244],[137.82816,35.44311],[137.82805,35.44377],[137.82793,35.44444],[137.82782,35.44511],[137.8277,35.44578],[137.82757,35.44644],[137.82734,35.44709],[137.82711,35.44774],[137.82689,35.44839],[137.82666,35.44904],[137.82663,35.44968],[137.82689,35.45032],[137.82715,35.45096],[137.82741,35.4516],[137.82767,35.45225],[137.82792,35.45289],[137.82816,35.45353],[137.82835,35.45419],[137.82855,35.45484],[137.82874,35.4555],[137.82894,35.45616],[137.82913,35.45681],[137.82932,35.45747],[137.82952,35.45812],[137.82971,35.45878],[137.82991,35.45943],[137.83013,35.46008],[137.83037,35.46073],[137.83062,35.46137],[137.83086,35.46202],[137.83062,35.46229],[137.82981,35.46213],[137.82901,35.46197],[137.8282,35.46184],[137.82737,35.46182],[137.82654,35.46181],[137.82571,35.46179],[137.82489,35.46177],[137.82406,35.46176],[137.82323,35.46174],[137.82299,35.46237],[137.82277,35.46302],[137.82254,35.46366],[137.82232,35.46431],[137.8221,35.46496],[137.82188,35.46561],[137.82166,35.46626],[137.82143,35.46691],[137.82121,35.46756],[137.82111,35.4682],[137.82154,35.46878],[137.82197,35.46935],[137.82241,35.46993],[137.82284,35.4705],[137.82327,35.47108],[137.8237,35.47165],[137.82424,35.47217],[137.82479,35.47267],[137.82533,35.47318],[137.82588,35.47368],[137.82643,35.47419],[137.82698,35.47469],[137.82753,35.4752],[137.82808,35.4757],[137.82863,35.47621],[137.82917,35.47671],[137.82972,35.47722],[137.83046,35.47739],[137.83129,35.47741],[137.83212,35.47743],[137.83295,35.47745],[137.83377,35.47747],[137.8346,35.47749],[137.83525,35.47791],[137.8359,35.47832],[137.83656,35.47874],[137.83721,35.47916],[137.83738,35.47977],[137.83741,35.48045],[137.83744,35.48112],[137.83746,35.48179],[137.83749,35.48247],[137.83752,35.48314],[137.83754,35.48382],[137.83757,35.48449],[137.83771,35.48515],[137.8379,35.48581],[137.83809,35.48646],[137.83828,35.48712],[137.83835,35.48779],[137.83834,35.48846],[137.83832,35.48914],[137.83831,35.48981],[137.83842,35.49048],[137.83852,35.49115],[137.83863,35.49182],[137.83873,35.49249],[137.83884,35.49316],[137.83895,35.49383],[137.83905,35.49449],[137.83916,35.49516],[137.83899,35.49577],[137.83846,35.49629],[137.83793,35.49681],[137.83741,35.49733],[137.83688,35.49785],[137.83635,35.49836],[137.83582,35.49888],[137.83529,35.4994],[137.83569,35.49976],[137.83643,35.50006],[137.83718,35.50036],[137.83792,35.50065],[137.83854,35.50097],[137.83795,35.50144],[137.83735,35.50191],[137.83654,35.502],[137.83572,35.50208],[137.83489,35.50216],[137.83407,35.50224],[137.83325,35.50232],[137.83242,35.50239],[137.8316,35.50243],[137.83077,35.50238],[137.82995,35.50232],[137.82912,35.50227],[137.8283,35.50222],[137.82771,35.50246],[137.82744,35.5031],[137.82718,35.50374],[137.82691,35.50438],[137.82665,35.50501],[137.82671,35.5056],[137.82727,35.50609],[137.82783,35.50659],[137.82851,35.50689],[137.82934,35.50694],[137.83016,35.50698],[137.83099,35.50703],[137.83182,35.50708],[137.83264,35.50712],[137.83347,35.50717],[137.8343,35.50722],[137.83512,35.50726],[137.83595,35.50731],[137.83678,35.50735],[137.8376,35.5074],[137.83805,35.50784],[137.83831,35.50848],[137.83797,35.50902],[137.83742,35.50953],[137.83687,35.51003],[137.83632,35.51053],[137.83577,35.51104],[137.83522,35.51154],[137.83467,35.51205],[137.834,35.51243],[137.83329,35.51278],[137.83258,35.51312],[137.83187,35.51347],[137.83116,35.51382],[137.83045,35.51416],[137.82974,35.51451],[137.82902,35.51486],[137.82831,35.5152],[137.82758,35.51509],[137.82685,35.51479],[137.82611,35.51448],[137.82537,35.51417],[137.82466,35.51446],[137.82396,35.51482],[137.82325,35.51517],[137.82255,35.51553],[137.82186,35.5159],[137.82116,35.51627],[137.82047,35.51663],[137.81977,35.517],[137.81927,35.51739],[137.81978,35.51792],[137.82029,35.51846],[137.82081,35.51899]]}},{"type":"Feature","properties":{"id":"MinamishinshuIidacity1_20","name":"C4 市民バス 三穂線","agency":"飯田市","verdict":"適","accuracy":"B","L":16.4,"trips":2,"batt":22,"charges":0,"etr":9.4196,"regen":1.7183,"ew":11.7888,"mg":0.091351},"geometry":{"type":"LineString","coordinates":[[137.78417,35.4288],[137.78456,35.42911],[137.78496,35.42942],[137.78535,35.42974],[137.78575,35.43005],[137.78614,35.43037],[137.78623,35.43078],[137.7862,35.43122],[137.78616,35.43167],[137.78613,35.43212],[137.78609,35.43257],[137.78606,35.43302],[137.78603,35.43347],[137.78599,35.43392],[137.78596,35.43437],[137.7863,35.43461],[137.78682,35.43477],[137.78734,35.43493],[137.78786,35.43508],[137.78837,35.43524],[137.78889,35.43539],[137.78941,35.43555],[137.78984,35.4358],[137.79012,35.43618],[137.7904,35.43657],[137.79068,35.43696],[137.79096,35.43734],[137.79124,35.43773],[137.79152,35.43812],[137.7918,35.43851],[137.79208,35.43889],[137.79236,35.43928],[137.79264,35.43967],[137.79298,35.44001],[137.79341,35.4403],[137.79383,35.44059],[137.79425,35.44088],[137.79467,35.44117],[137.7951,35.44146],[137.79552,35.44175],[137.79576,35.44212],[137.79584,35.44257],[137.79592,35.44301],[137.796,35.44346],[137.79609,35.4439],[137.79617,35.44435],[137.79625,35.44479],[137.79634,35.44523],[137.79642,35.44568],[137.7965,35.44612],[137.79659,35.44657],[137.79662,35.44701],[137.79654,35.44746],[137.79647,35.4479],[137.79639,35.44835],[137.79632,35.44879],[137.79622,35.44924],[137.79606,35.44967],[137.7959,35.4501],[137.79574,35.45053],[137.79558,35.45096],[137.79542,35.45139],[137.79526,35.45182],[137.7951,35.45225],[137.79494,35.45268],[137.79478,35.45311],[137.79462,35.45354],[137.79446,35.45397],[137.7943,35.4544],[137.79415,35.45483],[137.794,35.45527],[137.79385,35.4557],[137.7937,35.45613],[137.79355,35.45656],[137.7934,35.457],[137.79325,35.45743],[137.7931,35.45786],[137.79295,35.4583],[137.7928,35.45873],[137.79265,35.45916],[137.7925,35.45959],[137.79235,35.46003],[137.7922,35.46046],[137.79205,35.46089],[137.7919,35.46133],[137.79175,35.46176],[137.79161,35.46219],[137.79146,35.46262],[137.79133,35.46306],[137.79124,35.46351],[137.79115,35.46395],[137.79106,35.46439],[137.79096,35.46484],[137.79087,35.46528],[137.79078,35.46572],[137.79069,35.46617],[137.79059,35.46661],[137.7905,35.46705],[137.79041,35.4675],[137.79031,35.46794],[137.79022,35.46838],[137.79013,35.46882],[137.79004,35.46927],[137.78994,35.46971],[137.78994,35.47015],[137.79015,35.47056],[137.79035,35.47098],[137.79056,35.4714],[137.79077,35.47181],[137.79097,35.47223],[137.79118,35.47265],[137.79139,35.47306],[137.7916,35.47348],[137.79183,35.47389],[137.79208,35.47429],[137.79232,35.47469],[137.79256,35.4751],[137.79281,35.4755],[137.79305,35.4759],[137.7933,35.47631],[137.79354,35.47671],[137.79378,35.47712],[137.79403,35.47752],[137.79425,35.47793],[137.79434,35.47837],[137.79444,35.47881],[137.79453,35.47926],[137.79462,35.4797],[137.79471,35.48014],[137.7948,35.48059],[137.79489,35.48103],[137.79498,35.48147],[137.79507,35.48192],[137.79513,35.48237],[137.79519,35.48281],[137.79525,35.48326],[137.79531,35.48371],[137.79537,35.48415],[137.79556,35.48458],[137.79574,35.485],[137.79593,35.48542],[137.79612,35.48584],[137.79631,35.48627],[137.79649,35.48669],[137.79665,35.48712],[137.7967,35.48757],[137.79676,35.48801],[137.79682,35.48846],[137.79687,35.48891],[137.79693,35.48936],[137.79699,35.4898],[137.79704,35.49025],[137.79716,35.49068],[137.79751,35.49102],[137.79786,35.49137],[137.79821,35.49172],[137.79857,35.49206],[137.79892,35.49241],[137.79927,35.49276],[137.79963,35.4931],[137.80001,35.49342],[137.80043,35.49371],[137.80085,35.494],[137.80128,35.49429],[137.8017,35.49458],[137.80212,35.49487],[137.80254,35.49516],[137.80296,35.49545],[137.80338,35.49575],[137.80378,35.49605],[137.80419,35.49636],[137.80459,35.49667],[137.805,35.49697],[137.8054,35.49728],[137.80581,35.49758],[137.80631,35.49775],[137.80684,35.49788],[137.80737,35.498],[137.8079,35.49812],[137.80843,35.49825],[137.80896,35.49837],[137.80949,35.4985],[137.81002,35.49862],[137.81056,35.49875],[137.81109,35.49887],[137.81162,35.499],[137.81215,35.49912],[137.81268,35.49924],[137.81321,35.49937],[137.81374,35.49949],[137.81427,35.49962],[137.8148,35.49974],[137.81533,35.49985],[137.81588,35.49979],[137.81643,35.49972],[137.81697,35.49966],[137.81752,35.49959],[137.81807,35.49953],[137.81861,35.49946],[137.81916,35.4994],[137.8197,35.49933],[137.82025,35.49927],[137.8208,35.4992],[137.82134,35.49914],[137.82189,35.49907],[137.82244,35.499],[137.82298,35.49894],[137.82353,35.49887],[137.82408,35.49881],[137.82462,35.49874],[137.82517,35.49868],[137.82572,35.49861],[137.82626,35.49855],[137.82681,35.49848],[137.82736,35.49842],[137.8279,35.49835],[137.82842,35.49848],[137.82893,35.49865],[137.82944,35.49882],[137.82995,35.49899],[137.83048,35.4991],[137.83103,35.49915],[137.83158,35.4992],[137.83213,35.49926],[137.83268,35.49931],[137.83322,35.49936],[137.83377,35.49941],[137.83432,35.49947],[137.83487,35.49952],[137.83539,35.49964],[137.83589,35.49984],[137.83638,35.50004],[137.83688,35.50024],[137.83738,35.50044],[137.83787,35.50063],[137.83837,35.50083],[137.83838,35.50109],[137.83798,35.50141],[137.83759,35.50172],[137.83714,35.50195],[137.83659,35.502],[137.83604,35.50205],[137.83549,35.5021],[137.83495,35.50215],[137.8344,35.50221],[137.83385,35.50226],[137.8333,35.50231],[137.83275,35.50236],[137.8322,35.50242],[137.83165,35.50244],[137.8311,35.5024],[137.83055,35.50236],[137.83,35.50233],[137.82945,35.50229],[137.8289,35.50226],[137.82835,35.50222],[137.82782,35.5022],[137.82764,35.50263],[137.82746,35.50306],[137.82728,35.50348],[137.82711,35.50391],[137.82693,35.50433],[137.82675,35.50476],[137.82658,35.50519],[137.82667,35.50556],[137.82705,35.5059],[137.82742,35.50623],[137.8278,35.50656],[137.82818,35.50687],[137.82873,35.5069],[137.82928,35.50693],[137.82983,35.50697],[137.83038,35.507],[137.83094,35.50703],[137.83149,35.50706],[137.83204,35.50709],[137.83259,35.50712],[137.83314,35.50715],[137.83369,35.50718],[137.83406,35.5074],[137.83423,35.50783],[137.83439,35.50826],[137.83455,35.50869],[137.83471,35.50912],[137.83487,35.50954],[137.8349,35.50998],[137.83483,35.51043],[137.83476,35.51088],[137.83469,35.51132],[137.83461,35.51177],[137.8345,35.51219],[137.83402,35.51242],[137.83355,35.51265],[137.83308,35.51288],[137.8326,35.51311],[137.83213,35.51335],[137.83165,35.51358],[137.83118,35.51381],[137.83071,35.51404],[137.83023,35.51427],[137.82976,35.5145],[137.82928,35.51473],[137.82881,35.51496],[137.82834,35.51519],[137.82785,35.5152],[137.82736,35.515],[137.82687,35.5148],[137.82638,35.51459],[137.82588,35.51439],[137.82539,35.51418],[137.82492,35.51433],[137.82445,35.51457],[137.82398,35.5148],[137.82351,35.51504],[137.82304,35.51528],[137.82257,35.51552],[137.82211,35.51576],[137.82165,35.51601],[137.82118,35.51625],[137.82072,35.5165],[137.82026,35.51674],[137.8198,35.51699],[137.81933,35.51723],[137.81943,35.51755],[137.81977,35.51791],[137.82011,35.51826],[137.82045,35.51862],[137.82079,35.51897]]}},{"type":"Feature","properties":{"id":"MinamishinshuIidacity1_21","name":"C5 市民バス 大休線","agency":"飯田市","verdict":"適","accuracy":"B","L":5.8,"trips":6,"batt":8,"charges":0,"etr":4.0413,"regen":1.2654,"ew":4.3093,"mg":0.057821},"geometry":{"type":"LineString","coordinates":[[137.82086,35.51904],[137.82068,35.51886],[137.82051,35.51868],[137.82034,35.51851],[137.82017,35.51833],[137.82,35.51815],[137.81983,35.51798],[137.81966,35.5178],[137.81949,35.51762],[137.81932,35.51745],[137.81913,35.51733],[137.81889,35.51744],[137.81865,35.51755],[137.81841,35.51766],[137.81816,35.51777],[137.81792,35.51787],[137.81768,35.51798],[137.81744,35.51809],[137.8172,35.5182],[137.81695,35.51831],[137.81671,35.51841],[137.81647,35.51852],[137.81623,35.51863],[137.81598,35.51874],[137.81573,35.51883],[137.81548,35.51892],[137.81522,35.51901],[137.81497,35.5191],[137.81472,35.51919],[137.81446,35.51928],[137.81421,35.51937],[137.81396,35.51945],[137.8137,35.51954],[137.81345,35.51963],[137.8132,35.51972],[137.81294,35.51981],[137.81269,35.51991],[137.81245,35.52001],[137.8122,35.52011],[137.81195,35.5202],[137.8117,35.5203],[137.81145,35.5204],[137.8112,35.5205],[137.81095,35.5206],[137.8107,35.52069],[137.81046,35.52079],[137.81021,35.52089],[137.80996,35.52099],[137.80971,35.52108],[137.80946,35.52118],[137.80921,35.52128],[137.80896,35.52138],[137.80872,35.52148],[137.80847,35.52157],[137.80822,35.52167],[137.80797,35.52176],[137.80771,35.52185],[137.80746,35.52194],[137.8072,35.52203],[137.80695,35.52212],[137.8067,35.52221],[137.80644,35.52229],[137.80619,35.52238],[137.80593,35.52247],[137.80568,35.52256],[137.80543,35.52265],[137.80517,35.52274],[137.80492,35.52283],[137.80464,35.52284],[137.80437,35.52285],[137.80409,35.52286],[137.80382,35.52287],[137.80354,35.52288],[137.80326,35.52289],[137.80299,35.5229],[137.80271,35.52291],[137.80244,35.52292],[137.80216,35.52293],[137.80188,35.52294],[137.80161,35.52295],[137.80133,35.52296],[137.80106,35.52297],[137.80078,35.52298],[137.8005,35.52298],[137.80023,35.52299],[137.79995,35.52299],[137.79968,35.523],[137.7994,35.52301],[137.79912,35.52301],[137.79885,35.52302],[137.79857,35.52302],[137.7983,35.52303],[137.79802,35.52304],[137.79774,35.52304],[137.79747,35.52305],[137.79719,35.52305],[137.79691,35.52306],[137.79664,35.52307],[137.79636,35.52307],[137.79609,35.5231],[137.79585,35.5232],[137.7956,35.5233],[137.79535,35.5234],[137.79511,35.5235],[137.79486,35.5236],[137.79461,35.52371],[137.79437,35.52381],[137.79412,35.52391],[137.79387,35.52401],[137.79363,35.52411],[137.79338,35.52421],[137.79313,35.52431],[137.79289,35.52441],[137.79264,35.52452],[137.79239,35.52462],[137.79215,35.52472],[137.79232,35.52475],[137.7926,35.52477],[137.79287,35.5248],[137.79315,35.52482],[137.79342,35.52484],[137.7937,35.52486],[137.79397,35.52488],[137.79425,35.5249],[137.79452,35.52492],[137.7948,35.52494],[137.79507,35.52496],[137.79535,35.52498],[137.79562,35.525],[137.7959,35.52503],[137.79617,35.52505],[137.79645,35.52507],[137.79673,35.52506],[137.797,35.52504],[137.79728,35.52502],[137.79755,35.525],[137.79783,35.52498],[137.7981,35.52496],[137.79838,35.52495],[137.79865,35.52493],[137.79893,35.52491],[137.7992,35.52489],[137.79948,35.52487],[137.79975,35.52485],[137.80003,35.52483],[137.8003,35.52481],[137.80058,35.5248],[137.80083,35.5247],[137.80107,35.52459],[137.80131,35.52449],[137.80155,35.52438],[137.8018,35.52427],[137.80204,35.52416],[137.80228,35.52406],[137.80253,35.52395],[137.80277,35.52384],[137.80301,35.52374],[137.80325,35.52363],[137.8035,35.52352],[137.80374,35.52341],[137.80398,35.52331],[137.80423,35.5232],[137.80447,35.52309],[137.80471,35.52299],[137.80496,35.52288],[137.80521,35.52279],[137.80546,35.5227],[137.80572,35.52262],[137.80597,35.52253],[137.80623,35.52244],[137.80648,35.52235],[137.80674,35.52226],[137.80699,35.52218],[137.80724,35.52209],[137.8075,35.522],[137.80775,35.52191],[137.80801,35.52182],[137.80826,35.52173],[137.80851,35.52164],[137.80876,35.52154],[137.80901,35.52145],[137.80926,35.52135],[137.80951,35.52125],[137.80976,35.52116],[137.81001,35.52106],[137.81026,35.52096],[137.81051,35.52087],[137.81076,35.52077],[137.811,35.52067],[137.81125,35.52058],[137.8115,35.52048],[137.81175,35.52038],[137.812,35.52029],[137.81225,35.52019],[137.8125,35.52009],[137.81275,35.52],[137.813,35.5199],[137.81325,35.5198],[137.8135,35.51971],[137.81375,35.51962],[137.814,35.51953],[137.81426,35.51944],[137.81451,35.51934],[137.81476,35.51925],[137.81502,35.51916],[137.81527,35.51907],[137.81552,35.51898],[137.81577,35.51889],[137.81603,35.5188],[137.81628,35.51871],[137.81653,35.51862],[137.81677,35.51851],[137.81701,35.5184],[137.81725,35.51829],[137.81749,35.51818],[137.81774,35.51807],[137.81798,35.51796],[137.81822,35.51785],[137.81846,35.51774],[137.8187,35.51763],[137.81894,35.51752],[137.81918,35.51741],[137.81939,35.51743],[137.81955,35.51761],[137.81972,35.51779],[137.81988,35.51797],[137.82005,35.51815],[137.82021,35.51833],[137.82038,35.51852],[137.82054,35.5187],[137.82071,35.51888]]}},{"type":"Feature","properties":{"id":"MinamishinshuIidacity1_8","name":"E2 平岡線","agency":"飯田市","verdict":"適","accuracy":"B","L":9.7,"trips":2,"batt":7,"charges":0,"etr":2.2331,"regen":0.9399,"ew":3.8865,"mg":0.04546},"geometry":{"type":"LineString","coordinates":[[137.93462,35.32114],[137.93448,35.32094],[137.93434,35.32075],[137.9342,35.32056],[137.93405,35.32037],[137.93391,35.32017],[137.93375,35.32],[137.93349,35.31992],[137.93323,35.31985],[137.93297,35.31977],[137.93271,35.31969],[137.93246,35.31961],[137.9322,35.31953],[137.93194,35.31945],[137.9317,35.31935],[137.93147,35.31922],[137.93124,35.31909],[137.93102,35.31897],[137.93079,35.31884],[137.93056,35.31871],[137.93033,35.31858],[137.93011,35.31846],[137.92988,35.31833],[137.92965,35.3182],[137.92944,35.31806],[137.92924,35.3179],[137.92905,35.31775],[137.92885,35.31759],[137.92865,35.31743],[137.92846,35.31728],[137.92826,35.31712],[137.92806,35.31696],[137.92786,35.3168],[137.92766,35.31666],[137.92742,35.31654],[137.92719,35.31642],[137.92696,35.3163],[137.92672,35.31618],[137.92649,35.31606],[137.92626,35.31594],[137.92603,35.31582],[137.92579,35.3157],[137.92556,35.31558],[137.92533,35.31546],[137.92509,35.31534],[137.92486,35.31522],[137.92461,35.31512],[137.92435,35.31506],[137.92409,35.31499],[137.92382,35.31492],[137.92356,35.31486],[137.9233,35.31479],[137.92303,35.31472],[137.92277,35.31465],[137.92251,35.31459],[137.92225,35.31452],[137.92198,35.31445],[137.92172,35.31439],[137.92146,35.31432],[137.92119,35.31426],[137.92092,35.31421],[137.92066,35.31415],[137.92039,35.31409],[137.92013,35.31403],[137.9199,35.3139],[137.91968,35.31377],[137.91945,35.31364],[137.91922,35.31351],[137.919,35.31339],[137.91877,35.31326],[137.91854,35.31313],[137.91832,35.313],[137.91809,35.31287],[137.91786,35.31275],[137.91764,35.31262],[137.91741,35.31249],[137.91718,35.31236],[137.91696,35.31223],[137.91673,35.31211],[137.9165,35.31198],[137.91628,35.31185],[137.91605,35.31172],[137.91582,35.31159],[137.9156,35.31147],[137.91537,35.31134],[137.91514,35.31121],[137.91492,35.31108],[137.91469,35.31096],[137.91446,35.31083],[137.91424,35.3107],[137.91401,35.31057],[137.91378,35.31044],[137.91356,35.31032],[137.91333,35.31019],[137.9131,35.31006],[137.91288,35.30993],[137.91265,35.3098],[137.91242,35.30968],[137.9122,35.30955],[137.91195,35.30947],[137.91168,35.30947],[137.9114,35.30946],[137.91113,35.30946],[137.91085,35.30946],[137.91057,35.30945],[137.9103,35.30945],[137.91002,35.30945],[137.90975,35.30944],[137.90947,35.30944],[137.9092,35.30944],[137.90892,35.30943],[137.90865,35.30943],[137.90837,35.30942],[137.9081,35.30942],[137.90782,35.30942],[137.90755,35.30938],[137.90729,35.3093],[137.90704,35.30922],[137.90678,35.30914],[137.90652,35.30906],[137.90626,35.30898],[137.90601,35.3089],[137.90575,35.30882],[137.90549,35.30874],[137.90524,35.30866],[137.90498,35.30858],[137.90472,35.3085],[137.90446,35.30842],[137.90421,35.30834],[137.90395,35.30826],[137.90369,35.30818],[137.90343,35.3081],[137.90318,35.30802],[137.90292,35.30793],[137.90268,35.30782],[137.90244,35.30771],[137.9022,35.3076],[137.90196,35.30749],[137.90172,35.30738],[137.90148,35.30727],[137.90124,35.30716],[137.901,35.30705],[137.90076,35.30694],[137.90052,35.30683],[137.90028,35.30672],[137.90005,35.30659],[137.89982,35.30647],[137.8996,35.30634],[137.89937,35.30622],[137.89914,35.30609],[137.89891,35.30596],[137.89869,35.30584],[137.89846,35.30571],[137.89823,35.30558],[137.898,35.30546],[137.89777,35.30534],[137.89753,35.30523],[137.89729,35.30511],[137.89706,35.305],[137.89682,35.30488],[137.89658,35.30477],[137.89634,35.30465],[137.89611,35.30454],[137.89587,35.30443],[137.89563,35.30431],[137.89539,35.3042],[137.89516,35.30408],[137.89492,35.30397],[137.89468,35.30385],[137.89444,35.30375],[137.89419,35.30366],[137.89394,35.30356],[137.89369,35.30346],[137.89344,35.30337],[137.89319,35.30327],[137.89294,35.30317],[137.89269,35.30308],[137.89245,35.30298],[137.8922,35.30289],[137.89195,35.30279],[137.8917,35.30269],[137.89145,35.3026],[137.8912,35.3025],[137.89095,35.3024],[137.8907,35.30231],[137.89045,35.30221],[137.89021,35.30212],[137.88996,35.30202],[137.88971,35.30192],[137.88945,35.30185],[137.88919,35.30178],[137.88892,35.30171],[137.88866,35.30164],[137.8884,35.30157],[137.88814,35.30151],[137.88787,35.30144],[137.88761,35.30137],[137.88735,35.3013],[137.88709,35.30123],[137.88682,35.30117],[137.88656,35.3011],[137.8863,35.30103],[137.88603,35.30096],[137.88577,35.3009],[137.88551,35.30083],[137.88525,35.30076],[137.88498,35.30069],[137.88472,35.30062],[137.88446,35.30056],[137.8842,35.30049],[137.88393,35.30042],[137.88367,35.30035],[137.88341,35.30028],[137.88315,35.30022],[137.88288,35.30015],[137.88262,35.30008],[137.88236,35.30001],[137.8821,35.29995],[137.88183,35.29988],[137.88157,35.29981],[137.88131,35.29974],[137.88104,35.29967],[137.88078,35.29961],[137.88052,35.29954],[137.88026,35.29947],[137.87999,35.2994],[137.87973,35.29933],[137.87947,35.29927],[137.87921,35.2992],[137.87894,35.29913],[137.87868,35.29906],[137.87842,35.299],[137.87817,35.29891],[137.87792,35.2988],[137.87768,35.2987],[137.87743,35.29859],[137.87719,35.29849],[137.87695,35.29839],[137.8767,35.29828],[137.87646,35.29818],[137.8763,35.29801],[137.87618,35.29781],[137.87607,35.2976],[137.87595,35.2974],[137.87584,35.29719],[137.87572,35.29699],[137.87561,35.29678],[137.8755,35.29658],[137.87538,35.29637],[137.87527,35.29617],[137.87515,35.29596],[137.87504,35.29576],[137.87492,35.29556],[137.87481,35.29535],[137.8747,35.29515],[137.87458,35.29494],[137.87443,35.29475],[137.87428,35.29457],[137.87413,35.29438],[137.87398,35.29419],[137.87383,35.294],[137.87367,35.29381],[137.87352,35.29363],[137.87337,35.29344],[137.87322,35.29325],[137.87307,35.29306],[137.87292,35.29287],[137.87277,35.29268],[137.87262,35.2925],[137.87247,35.29231],[137.87232,35.29212],[137.87217,35.29193],[137.87202,35.29174],[137.87186,35.29156],[137.87163,35.29146],[137.87137,35.29138],[137.87111,35.2913],[137.87085,35.29122],[137.87059,35.29115],[137.87033,35.29107],[137.87008,35.29099],[137.86982,35.29092],[137.86956,35.29084],[137.8693,35.29076],[137.86904,35.29069],[137.86878,35.29061],[137.86852,35.29053],[137.86826,35.29046],[137.86801,35.29038],[137.86775,35.2903],[137.86749,35.29022],[137.86723,35.29015],[137.86697,35.29007],[137.86671,35.28999],[137.86645,35.28992],[137.86619,35.28984],[137.86593,35.28976],[137.86568,35.28969],[137.86542,35.28961],[137.86516,35.28953],[137.8649,35.28946],[137.86464,35.28938],[137.86438,35.2893],[137.86412,35.28922],[137.86386,35.28915],[137.86361,35.28907],[137.86335,35.28899],[137.86309,35.28892],[137.86283,35.28884],[137.86257,35.28876],[137.86231,35.28869],[137.86205,35.28861],[137.86179,35.28853],[137.86153,35.28846],[137.86128,35.28838],[137.86102,35.2883],[137.86076,35.28822],[137.8605,35.28815],[137.86024,35.28807],[137.85998,35.28799],[137.85972,35.28792],[137.8595,35.28779],[137.85933,35.28762],[137.85915,35.28745],[137.85897,35.28728],[137.8588,35.2871],[137.85862,35.28693],[137.85845,35.28676],[137.85827,35.28658],[137.85809,35.28641],[137.85792,35.28624],[137.85774,35.28607],[137.85758,35.28589],[137.8575,35.28567],[137.85741,35.28546],[137.85733,35.28524],[137.85725,35.28503],[137.85717,35.28481],[137.85709,35.2846],[137.85701,35.28438],[137.85693,35.28417],[137.85685,35.28395],[137.85677,35.28374],[137.85669,35.28352],[137.85661,35.28331],[137.85653,35.28309],[137.85645,35.28288],[137.85637,35.28266],[137.85629,35.28245],[137.85621,35.28223],[137.85613,35.28202],[137.85605,35.2818],[137.85597,35.28159],[137.85589,35.28137],[137.85581,35.28116],[137.85572,35.28094],[137.85564,35.28073],[137.85556,35.28051],[137.85548,35.2803],[137.8554,35.28008],[137.85532,35.27987],[137.85524,35.27965],[137.85516,35.27944],[137.85508,35.27922],[137.855,35.27901],[137.85492,35.27879],[137.85484,35.27858],[137.85482,35.27836],[137.85491,35.27815],[137.855,35.27794],[137.85508,35.27772],[137.85517,35.27751],[137.85525,35.2773],[137.85534,35.27708],[137.85543,35.27687],[137.85539,35.27665],[137.85534,35.27643],[137.85529,35.2762],[137.85524,35.27598],[137.85519,35.27576],[137.85514,35.27554],[137.85509,35.27532],[137.85494,35.27514],[137.85475,35.27498],[137.85456,35.27482],[137.85437,35.27466],[137.85417,35.27449],[137.85398,35.27433],[137.85379,35.27417],[137.8536,35.27401]]}},{"type":"Feature","properties":{"id":"MinamishinshuMatsukawa1_39","name":"M3 まつかわフルーツバス 部奈線","agency":"松川町","verdict":"条件付き","accuracy":"A","L":5.7,"trips":10,"batt":14,"charges":0,"etr":6.9418,"regen":0.8477,"ew":7.6074,"mg":0.12},"geometry":{"type":"LineString","coordinates":[[137.9094,35.59664],[137.9095,35.59675],[137.90977,35.59675],[137.91005,35.59679],[137.91032,35.59681],[137.9106,35.5968],[137.91084,35.5967],[137.91105,35.59656],[137.91124,35.5964],[137.91141,35.59622],[137.91151,35.59601],[137.91155,35.59579],[137.91154,35.59556],[137.91153,35.59534],[137.91159,35.59512],[137.91176,35.59495],[137.91202,35.59488],[137.91229,35.59491],[137.91251,35.59505],[137.91264,35.59524],[137.91276,35.59545],[137.91288,35.59565],[137.913,35.59585],[137.91313,35.59605],[137.91324,35.59625],[137.91336,35.59646],[137.91351,35.59665],[137.91373,35.59678],[137.91398,35.59687],[137.91426,35.59687],[137.91453,35.59683],[137.91476,35.59671],[137.915,35.59659],[137.91523,35.59647],[137.91546,35.59635],[137.9157,35.59623],[137.91593,35.59611],[137.91616,35.59599],[137.9164,35.59587],[137.91663,35.59574],[137.91688,35.59565],[137.91714,35.59556],[137.91739,35.59547],[137.91764,35.59538],[137.9179,35.5953],[137.91815,35.59521],[137.91841,35.59512],[137.91866,35.59503],[137.91891,35.59494],[137.91917,35.59485],[137.91944,35.59483],[137.91964,35.59497],[137.91969,35.59519],[137.91973,35.59541],[137.91977,35.59564],[137.9198,35.59586],[137.91982,35.59608],[137.91984,35.59631],[137.91987,35.59653],[137.91994,35.59675],[137.92008,35.59694],[137.92029,35.59709],[137.92051,35.59722],[137.92075,35.59734],[137.92098,35.59746],[137.92121,35.59755],[137.92145,35.59744],[137.92169,35.59733],[137.92193,35.59721],[137.92217,35.5971],[137.9224,35.59698],[137.92264,35.59687],[137.92288,35.59676],[137.92312,35.59665],[137.92339,35.59668],[137.92364,35.59678],[137.92388,35.59688],[137.92413,35.59699],[137.92438,35.59708],[137.92463,35.59718],[137.92488,35.59727],[137.92515,35.5973],[137.92543,35.59728],[137.9257,35.59726],[137.92598,35.59724],[137.92622,35.59715],[137.92631,35.59698],[137.92611,35.59682],[137.92596,35.59664],[137.92583,35.59644],[137.92576,35.59622],[137.92572,35.596],[137.92568,35.59578],[137.92563,35.59555],[137.9256,35.59533],[137.9256,35.59511],[137.92563,35.59488],[137.9257,35.59467],[137.92583,35.59447],[137.92599,35.59428],[137.92617,35.59411],[137.92636,35.59396],[137.92656,35.5938],[137.92676,35.59364],[137.92696,35.59348],[137.92715,35.59333],[137.92736,35.59318],[137.92757,35.59303],[137.92777,35.59288],[137.92797,35.59272],[137.92817,35.59266],[137.92836,35.59282],[137.92861,35.5929],[137.92883,35.5928],[137.92884,35.59258],[137.92892,35.59236],[137.92904,35.59216],[137.92916,35.59196],[137.92924,35.59175],[137.92926,35.59153],[137.92938,35.59132],[137.9295,35.59112],[137.92963,35.59092],[137.92988,35.59092],[137.93003,35.5911],[137.93005,35.59132],[137.93007,35.59155],[137.9301,35.59177],[137.93012,35.592],[137.93014,35.59222],[137.93016,35.59244],[137.93021,35.59266],[137.93027,35.59288],[137.93036,35.59309],[137.9306,35.59306],[137.9306,35.59283],[137.93064,35.59261],[137.93072,35.5924],[137.9308,35.59218],[137.93096,35.592],[137.93108,35.59181],[137.93109,35.59158],[137.93121,35.59138],[137.93138,35.59121],[137.93165,35.59119],[137.93183,35.59135],[137.93197,35.59155],[137.93209,35.59175],[137.93222,35.59195],[137.93239,35.59212],[137.93257,35.59229],[137.93279,35.59243],[137.93303,35.59254],[137.93327,35.59265],[137.93351,35.59276],[137.93376,35.59287],[137.93402,35.59288],[137.93419,35.59271],[137.93438,35.59257],[137.93465,35.5926],[137.93492,35.59265],[137.9352,35.5927],[137.93545,35.59276],[137.93551,35.59297],[137.93541,35.59318],[137.93545,35.5934],[137.93558,35.59359],[137.93572,35.59379],[137.93589,35.59397],[137.93608,35.59413],[137.93629,35.59428],[137.93651,35.5944],[137.93676,35.59451],[137.93701,35.59461],[137.93725,35.59471],[137.9375,35.59481],[137.93775,35.59491],[137.938,35.59501],[137.93824,35.59511],[137.93849,35.59521],[137.93874,35.59531],[137.93898,35.59542],[137.93922,35.59553],[137.93946,35.59564],[137.9397,35.59575],[137.93994,35.59586],[137.94018,35.59598],[137.94042,35.59609],[137.94066,35.5962],[137.94092,35.59629],[137.94119,35.59634],[137.94146,35.59637],[137.94173,35.5964],[137.942,35.59645],[137.94225,35.59654],[137.94249,35.59665],[137.94274,35.59676],[137.94298,35.59687],[137.94321,35.59699],[137.9434,35.59715],[137.94355,35.59734],[137.9437,35.59753],[137.94391,35.59768],[137.94416,35.59778],[137.94441,35.59786],[137.94467,35.59795],[137.94492,35.59804],[137.94518,35.59812],[137.94544,35.59821],[137.9457,35.59828],[137.94597,35.59832],[137.94624,35.59833],[137.94652,35.59834],[137.9468,35.59835],[137.94707,35.59836],[137.94735,35.59836],[137.94763,35.59834],[137.9479,35.59833],[137.94818,35.59832],[137.94845,35.59831],[137.94873,35.5983],[137.94901,35.59829],[137.94928,35.59827],[137.94956,35.59826],[137.94983,35.59825],[137.95011,35.59824],[137.95038,35.59821],[137.95065,35.59814]]}},{"type":"Feature","properties":{"id":"MinamishinshuMatsukawa1_42","name":"M6 まつかわフルーツバス 上片桐・大島通学便","agency":"松川町","verdict":"適","accuracy":"A","L":15.9,"trips":4,"batt":20,"charges":0,"etr":9.5999,"regen":2.832,"ew":10.7429,"mg":0.092487},"geometry":{"type":"LineString","coordinates":[[137.9094,35.59664],[137.90903,35.5969],[137.90856,35.59714],[137.9081,35.59738],[137.90763,35.59762],[137.90717,35.59787],[137.90671,35.59812],[137.90624,35.59836],[137.90578,35.59861],[137.90531,35.59885],[137.90491,35.59915],[137.90476,35.59957],[137.90475,35.60002],[137.90462,35.60046],[137.90443,35.60088],[137.90409,35.60124],[137.90366,35.6015],[137.90311,35.60157],[137.90257,35.60163],[137.90204,35.60175],[137.9015,35.60187],[137.90097,35.60199],[137.90043,35.60208],[137.89988,35.60212],[137.89933,35.60213],[137.89878,35.60216],[137.89874,35.60248],[137.89894,35.6029],[137.89917,35.60331],[137.89941,35.60372],[137.89962,35.60413],[137.89981,35.60455],[137.9,35.60498],[137.90019,35.6054],[137.90038,35.60582],[137.90057,35.60624],[137.90076,35.60667],[137.90094,35.60709],[137.90109,35.60752],[137.90119,35.60797],[137.90126,35.60841],[137.90132,35.60886],[137.90123,35.6093],[137.90102,35.60971],[137.90076,35.61011],[137.90048,35.6105],[137.90019,35.61088],[137.89989,35.61126],[137.89965,35.61166],[137.89957,35.6121],[137.8995,35.61255],[137.89943,35.613],[137.89942,35.61344],[137.89965,35.61385],[137.89983,35.61427],[137.89985,35.61472],[137.89988,35.61517],[137.8999,35.61562],[137.89993,35.61607],[137.89995,35.61652],[137.89997,35.61697],[137.9,35.61742],[137.90002,35.61786],[137.90004,35.61831],[137.90008,35.61876],[137.90012,35.61921],[137.90017,35.61966],[137.90026,35.6201],[137.90045,35.62052],[137.90066,35.62094],[137.90087,35.62136],[137.90103,35.62179],[137.90101,35.62223],[137.90107,35.62268],[137.9014,35.62303],[137.90179,35.62335],[137.9022,35.62365],[137.90256,35.62399],[137.90285,35.62437],[137.90307,35.62478],[137.90322,35.62521],[137.9033,35.62566],[137.90339,35.6261],[137.90344,35.62655],[137.9033,35.62698],[137.90312,35.62741],[137.90295,35.62784],[137.90278,35.62826],[137.90261,35.62869],[137.90243,35.62912],[137.90226,35.62954],[137.90208,35.62997],[137.90189,35.63039],[137.9017,35.63081],[137.90153,35.63124],[137.90137,35.63167],[137.90114,35.63208],[137.90084,35.63246],[137.90052,35.63282],[137.90013,35.63312],[137.89998,35.63344],[137.90005,35.63388],[137.90012,35.63433],[137.90017,35.63478],[137.90013,35.63523],[137.89999,35.63566],[137.89977,35.63607],[137.89947,35.63645],[137.89916,35.63682],[137.89884,35.63719],[137.89844,35.63709],[137.89837,35.63665],[137.89848,35.63621],[137.89849,35.63576],[137.89848,35.63531],[137.89847,35.63486],[137.89846,35.63441],[137.89845,35.63396],[137.89843,35.63351],[137.8984,35.63306],[137.89843,35.63261],[137.89856,35.63218],[137.89875,35.63176],[137.89878,35.63132],[137.8985,35.63094],[137.89822,35.63055],[137.89796,35.63015],[137.89771,35.62975],[137.89746,35.62935],[137.89721,35.62895],[137.89698,35.62854],[137.89681,35.62811],[137.89666,35.62768],[137.89653,35.62724],[137.89639,35.62681],[137.89625,35.62637],[137.89612,35.62594],[137.89598,35.6255],[137.89584,35.62506],[137.89571,35.62463],[137.89551,35.62421],[137.8953,35.62379],[137.89509,35.62338],[137.89483,35.62299],[137.89434,35.62279],[137.89382,35.62262],[137.89347,35.6223],[137.89327,35.62189],[137.89306,35.62147],[137.8928,35.62108],[137.89252,35.62069],[137.89232,35.62027],[137.89212,35.61985],[137.89192,35.61943],[137.89173,35.61901],[137.89153,35.61859],[137.89134,35.61817],[137.89111,35.61776],[137.89085,35.61737],[137.89075,35.61693],[137.89083,35.61648],[137.89101,35.61606],[137.89109,35.61562],[137.89108,35.61517],[137.89107,35.61472],[137.89124,35.61431],[137.89153,35.61392],[137.89162,35.61358],[137.89107,35.6136],[137.89055,35.61372],[137.89001,35.61364],[137.88947,35.61373],[137.88892,35.6137],[137.88837,35.61368],[137.88782,35.61372],[137.88727,35.61374],[137.88672,35.61372],[137.88619,35.61381],[137.88566,35.61386],[137.88557,35.61342],[137.88532,35.61302],[137.88498,35.61267],[137.88462,35.61233],[137.88417,35.61207],[137.88375,35.61178],[137.88343,35.61142],[137.88322,35.611],[137.88301,35.61058],[137.88281,35.61017],[137.8826,35.60975],[137.8824,35.60933],[137.88223,35.6089],[137.88209,35.60847],[137.88195,35.60803],[137.88185,35.60759],[137.88179,35.60714],[137.88174,35.6067],[137.88168,35.60625],[137.88162,35.6058],[137.88156,35.60536],[137.88149,35.60491],[137.88142,35.60446],[137.88133,35.60402],[137.88124,35.60357],[137.88116,35.60313],[137.88107,35.60269],[137.881,35.60224],[137.88095,35.60179],[137.88083,35.60135],[137.88065,35.60093],[137.88056,35.60049],[137.88055,35.60004],[137.88051,35.59959],[137.88039,35.59915],[137.88027,35.59871],[137.88016,35.59827],[137.88004,35.59783],[137.87989,35.5974],[137.87974,35.59697],[137.87962,35.59653],[137.87981,35.59637],[137.88001,35.59679],[137.88038,35.59705],[137.88072,35.5967],[137.8811,35.59638],[137.88134,35.59597],[137.88154,35.59556],[137.88174,35.59514],[137.8819,35.59471],[137.88232,35.59442],[137.88274,35.59413],[137.88318,35.59386],[137.88356,35.59354],[137.88404,35.59333],[137.88458,35.59329],[137.88492,35.59345],[137.88518,35.59384],[137.88541,35.59424],[137.8855,35.59468],[137.88559,35.59513],[137.88567,35.59557],[137.88569,35.59602],[137.88569,35.59647],[137.8857,35.59692],[137.88583,35.59735],[137.88597,35.59779],[137.88594,35.59823],[137.88571,35.59864],[137.88548,35.59905],[137.88532,35.59947],[137.88554,35.59987],[137.88598,35.60014],[137.88643,35.6004],[137.88679,35.60074],[137.88707,35.60113],[137.88735,35.60151],[137.88763,35.6019],[137.88782,35.60233],[137.88798,35.60275],[137.88815,35.60318],[137.88845,35.60355],[137.88887,35.60385],[137.88929,35.60414],[137.88967,35.60446],[137.88996,35.60484],[137.89017,35.60525],[137.89059,35.60527],[137.89107,35.60505],[137.89153,35.6048],[137.89199,35.60455],[137.89245,35.6043],[137.89291,35.60405],[137.89338,35.60381],[137.89389,35.60365],[137.89442,35.60353],[137.89496,35.60341],[137.89549,35.6033],[137.89602,35.60316],[137.89653,35.603],[137.89705,35.60283],[137.89754,35.60262],[137.89803,35.60242],[137.89853,35.60222],[137.89906,35.60214],[137.89962,35.60213],[137.90017,35.6021],[137.90071,35.60203],[137.90125,35.60193],[137.90178,35.60181],[137.90232,35.60168],[137.90285,35.60159],[137.90341,35.60154],[137.90391,35.60139],[137.90429,35.60106],[137.90454,35.60066],[137.90471,35.60023],[137.90475,35.59979],[137.9048,35.59934],[137.90511,35.59898],[137.90556,35.59872],[137.90603,35.59848],[137.90649,35.59823],[137.90695,35.59799],[137.90741,35.59774],[137.90788,35.59749],[137.90834,35.59725],[137.90881,35.59701],[137.90929,35.59679],[137.90944,35.59661],[137.90972,35.59675],[137.91027,35.59681],[137.9108,35.59673],[137.91121,35.59642],[137.9115,35.59605],[137.91155,35.5956],[137.91157,35.59516],[137.91197,35.59488],[137.91247,35.59502],[137.91274,35.59541]]}},{"type":"Feature","properties":{"id":"MinamishinshuMatsukawa1_43","name":"M7 まつかわフルーツバス 生田線","agency":"松川町","verdict":"適","accuracy":"A","L":12.8,"trips":8,"batt":31,"charges":1,"etr":14.2926,"regen":1.1084,"ew":16.3718,"mg":0.078448},"geometry":{"type":"LineString","coordinates":[[137.9094,35.59664],[137.90977,35.59675],[137.91032,35.59681],[137.91084,35.5967],[137.91124,35.5964],[137.91151,35.59601],[137.91154,35.59556],[137.91159,35.59512],[137.91202,35.59488],[137.91251,35.59505],[137.91276,35.59545],[137.913,35.59585],[137.91324,35.59625],[137.91351,35.59665],[137.91398,35.59687],[137.91453,35.59683],[137.915,35.59659],[137.91546,35.59635],[137.91593,35.59611],[137.9164,35.59586],[137.91688,35.59565],[137.91739,35.59547],[137.9179,35.5953],[137.91841,35.59512],[137.91891,35.59494],[137.91944,35.59483],[137.91969,35.59519],[137.91977,35.59564],[137.91982,35.59608],[137.91987,35.59653],[137.92008,35.59694],[137.92051,35.59722],[137.92098,35.59746],[137.92144,35.5977],[137.92187,35.59799],[137.92222,35.59834],[137.92259,35.59867],[137.92306,35.59889],[137.92356,35.59909],[137.92406,35.59929],[137.92455,35.59949],[137.92495,35.5998],[137.92523,35.60018],[137.92551,35.60057],[137.92583,35.60094],[137.92628,35.60118],[137.92683,35.60124],[137.92738,35.60123],[137.92787,35.60141],[137.92825,35.60173],[137.92858,35.60147],[137.92863,35.60103],[137.92866,35.60058],[137.92869,35.60013],[137.92872,35.59968],[137.92875,35.59923],[137.92876,35.59878],[137.92879,35.59833],[137.92863,35.59791],[137.9283,35.59755],[137.92783,35.59733],[137.92729,35.59724],[137.92675,35.59715],[137.92627,35.59694],[137.92592,35.59659],[137.92575,35.59617],[137.92567,35.59573],[137.92559,35.59528],[137.92564,35.59483],[137.92586,35.59443],[137.92621,35.59408],[137.92661,35.59376],[137.927,35.59345],[137.92741,35.59315],[137.92782,35.59284],[137.92822,35.59253],[137.92858,35.59219],[137.92878,35.59178],[137.92877,35.59133],[137.9286,35.59091],[137.9284,35.59049],[137.92815,35.59009],[137.92778,35.58976],[137.92738,35.58945],[137.92699,35.58913],[137.92685,35.58871],[137.92693,35.58826],[137.92695,35.58782],[137.92685,35.58738],[137.92674,35.58693],[137.92659,35.5865],[137.92639,35.58609],[137.9262,35.58566],[137.92616,35.58522],[137.92614,35.58477],[137.92602,35.58433],[137.92596,35.58388],[137.9259,35.58344],[137.92583,35.58299],[137.92568,35.58256],[137.92546,35.58215],[137.92524,35.58173],[137.92503,35.58132],[137.9248,35.58091],[137.92448,35.58055],[137.92467,35.58039],[137.92522,35.58047],[137.92576,35.58055],[137.92631,35.5805],[137.92685,35.58042],[137.92739,35.58031],[137.92787,35.5801],[137.92835,35.57988],[137.92883,35.57965],[137.92918,35.57931],[137.92947,35.57893],[137.92995,35.57882],[137.93035,35.57912],[137.9309,35.57911],[137.93139,35.57891],[137.93192,35.5788],[137.93247,35.57878],[137.93292,35.57858],[137.93322,35.57821],[137.93372,35.57803],[137.93416,35.57828],[137.93466,35.57815],[137.9352,35.57815],[137.93557,35.57845],[137.93596,35.57874],[137.93627,35.57908],[137.93665,35.57938],[137.93712,35.57961],[137.93748,35.57994],[137.9377,35.58034],[137.9381,35.58065],[137.93827,35.58107],[137.93872,35.58117],[137.93922,35.58099],[137.93978,35.58101],[137.94029,35.58086],[137.94074,35.58061],[137.94125,35.58044],[137.94179,35.58039],[137.94219,35.58069],[137.94254,35.58104],[137.94291,35.58138],[137.94331,35.58169],[137.94372,35.58198],[137.94427,35.58193],[137.94481,35.58199],[137.94535,35.58208],[137.94589,35.58218],[137.94643,35.58228],[137.94675,35.58263],[137.94698,35.58304],[137.94695,35.58349],[137.94695,35.58394],[137.94735,35.58422],[137.94787,35.5843],[137.9484,35.58422],[137.94889,35.58443],[137.94938,35.58463],[137.9499,35.58466],[137.95025,35.58431],[137.95062,35.58398],[137.95116,35.58402],[137.95171,35.58408],[137.95221,35.58426],[137.95258,35.58458],[137.95307,35.58477],[137.95363,35.58481],[137.95415,35.58472],[137.95466,35.58464],[137.95515,35.58483],[137.95541,35.58522],[137.95556,35.58565],[137.95586,35.58602],[137.95637,35.58616],[137.95692,35.58619],[137.95736,35.58644],[137.95765,35.58682],[137.95784,35.58724],[137.95796,35.58767],[137.95833,35.58801],[137.95852,35.58842],[137.95875,35.58882],[137.95916,35.58913],[137.95941,35.58952],[137.95975,35.58985],[137.96026,35.59004],[137.96059,35.59039],[137.96083,35.5908],[137.96103,35.59122],[137.96123,35.59164],[137.96143,35.59206],[137.96165,35.59247],[137.96181,35.59289],[137.96182,35.59334],[137.96181,35.59379],[137.96201,35.5942],[137.96252,35.59426],[137.96306,35.59416],[137.96345,35.59385],[137.96363,35.59345],[137.96386,35.59308],[137.9644,35.59298],[137.96494,35.59291],[137.96548,35.59302],[137.96601,35.5929],[137.96652,35.59304],[137.96699,35.59328],[137.96751,35.59338],[137.96804,35.59326],[137.96851,35.59302],[137.9688,35.59264],[137.9692,35.59236],[137.96968,35.59217],[137.97021,35.59204],[137.97071,35.59185],[137.97119,35.59163],[137.97144,35.59124],[137.97169,35.59086],[137.97219,35.59068],[137.97267,35.59046],[137.97311,35.59019],[137.97366,35.59016],[137.9739,35.58979],[137.97406,35.58937],[137.97451,35.58913],[137.97484,35.58877],[137.97533,35.58858],[137.97579,35.58836],[137.97588,35.58793],[137.97579,35.58748],[137.97579,35.58703],[137.97595,35.58661],[137.97627,35.58624],[137.97662,35.5859],[137.97698,35.58555],[137.97733,35.58521],[137.97777,35.58494],[137.97819,35.58466],[137.97835,35.58423],[137.97858,35.58383],[137.97886,35.58344],[137.97934,35.5834],[137.9795,35.58381],[137.97946,35.58426],[137.97977,35.58463],[137.98025,35.58469],[137.98075,35.58451],[137.98129,35.58442],[137.98177,35.58442],[137.98195,35.58399],[137.98214,35.58358]]}},{"type":"Feature","properties":{"id":"MinamishinshuNanbu1_12","name":"S1 南部公共バス 温田線","agency":"下伊那南部地域公共交通対策協議会","verdict":"条件付き","accuracy":"A","L":24.6,"trips":16,"batt":19,"charges":1,"etr":15.3626,"regen":11.5215,"ew":9.9786,"mg":0.119486},"geometry":{"type":"LineString","coordinates":[[137.71064,35.2764],[137.71058,35.27653],[137.71071,35.27596],[137.71031,35.27518],[137.71066,35.27451],[137.71133,35.2738],[137.71122,35.27293],[137.711,35.27205],[137.71079,35.27117],[137.71061,35.27028],[137.71071,35.26946],[137.71179,35.26928],[137.71287,35.26925],[137.71373,35.2688],[137.71464,35.2683],[137.71545,35.26769],[137.71647,35.26739],[137.71753,35.26758],[137.71857,35.26778],[137.71921,35.26712],[137.7188,35.2663],[137.71893,35.26547],[137.71991,35.26509],[137.72096,35.2648],[137.722,35.2645],[137.72304,35.26421],[137.72408,35.26391],[137.72511,35.26361],[137.72615,35.2633],[137.72718,35.26298],[137.72817,35.26259],[137.72913,35.26215],[137.73005,35.26165],[137.73092,35.2611],[137.73179,35.26055],[137.73269,35.26005],[137.7337,35.25968],[137.73476,35.25952],[137.73576,35.25988],[137.73664,35.26042],[137.73762,35.26083],[137.73869,35.26103],[137.73978,35.26102],[137.74087,35.26089],[137.7418,35.26043],[137.74237,35.25967],[137.74274,35.25883],[137.74347,35.25815],[137.74429,35.25756],[137.74512,35.25697],[137.74465,35.2563],[137.74393,35.25562],[137.74321,35.25494],[137.74249,35.25427],[137.74176,35.25359],[137.74104,35.25291],[137.74036,35.2523],[137.7411,35.25297],[137.74182,35.25364],[137.74255,35.25432],[137.74327,35.255],[137.74399,35.25568],[137.74471,35.25636],[137.74505,35.25702],[137.74423,35.25761],[137.7434,35.2582],[137.74325,35.25871],[137.74427,35.25905],[137.74526,35.25944],[137.74624,35.25984],[137.74727,35.26017],[137.74777,35.26084],[137.74795,35.26173],[137.7487,35.26233],[137.74963,35.26281],[137.75057,35.26328],[137.75151,35.26375],[137.75246,35.2642],[137.75342,35.26465],[137.75436,35.26512],[137.75516,35.26573],[137.75579,35.26647],[137.7563,35.26726],[137.75681,35.26806],[137.75728,35.26887],[137.75773,35.26969],[137.75818,35.27051],[137.75865,35.27133],[137.75928,35.27206],[137.76013,35.27263],[137.761,35.27317],[137.76137,35.274],[137.76147,35.27489],[137.76192,35.27571],[137.76246,35.27649],[137.76339,35.27695],[137.76434,35.2774],[137.76495,35.27814],[137.76556,35.27889],[137.76648,35.27899],[137.76646,35.27813],[137.76704,35.27755],[137.76765,35.27823],[137.76826,35.27896],[137.76907,35.27957],[137.76997,35.28008],[137.77016,35.28087],[137.76977,35.28165],[137.77021,35.28247],[137.77067,35.28329],[137.77151,35.28371],[137.77248,35.28395],[137.77196,35.28459],[137.77118,35.28509],[137.77195,35.28563],[137.77253,35.28626],[137.77164,35.28646],[137.77178,35.28571],[137.77283,35.28544],[137.77385,35.28562],[137.77404,35.28646],[137.7732,35.287],[137.77214,35.28717],[137.77113,35.2873],[137.77102,35.28813],[137.77157,35.2889],[137.7725,35.28935],[137.77359,35.28928],[137.77463,35.289],[137.7757,35.28893],[137.77657,35.28947],[137.77741,35.29006],[137.77764,35.2909],[137.77725,35.29168],[137.77618,35.2919],[137.77591,35.29266],[137.7765,35.29262],[137.77626,35.29269],[137.77697,35.29332],[137.77799,35.29325],[137.77845,35.2925],[137.77901,35.29313],[137.77994,35.29331],[137.78089,35.29342],[137.78183,35.29388],[137.78246,35.2946],[137.78253,35.29543],[137.78267,35.29625],[137.78361,35.29672],[137.78461,35.2971],[137.78565,35.29738],[137.78663,35.2978],[137.7875,35.29832],[137.78852,35.2984],[137.78956,35.29818],[137.79044,35.29773],[137.79128,35.29715],[137.79209,35.29741],[137.79302,35.29786],[137.79393,35.29745],[137.79472,35.29684],[137.7957,35.29643],[137.79673,35.29618],[137.79767,35.29582],[137.79845,35.29532],[137.79946,35.29564],[137.79921,35.29643],[137.79954,35.29723],[137.79921,35.29801],[137.79882,35.2988],[137.79969,35.29932],[137.80015,35.30007],[137.8009,35.2995],[137.80184,35.29912],[137.80283,35.29944],[137.80367,35.30002],[137.8045,35.30061],[137.8052,35.30129],[137.80567,35.30211],[137.80577,35.30299],[137.80564,35.30388],[137.80552,35.30478],[137.80539,35.30567],[137.80533,35.30657],[137.80562,35.30743],[137.80624,35.30817],[137.80688,35.3089],[137.80717,35.30969],[137.80691,35.31056],[137.80719,35.31126],[137.80825,35.31131],[137.80864,35.31206],[137.80855,35.31296],[137.80895,35.31375],[137.80836,35.31445],[137.80914,35.31499],[137.80985,35.31562],[137.8101,35.31648],[137.81067,35.31725],[137.81122,35.31802],[137.81155,35.31882],[137.81203,35.31866],[137.81275,35.31831],[137.8131,35.31909],[137.8127,35.31993],[137.81249,35.3208],[137.81231,35.32166],[137.8125,35.32248],[137.81301,35.32326],[137.81394,35.32374],[137.81498,35.32347],[137.81606,35.32327],[137.8171,35.32299],[137.81818,35.32293],[137.81923,35.32319],[137.82033,35.32327],[137.82142,35.3234],[137.82251,35.32356],[137.82342,35.32399],[137.82409,35.32469],[137.82518,35.32476],[137.82535,35.32553],[137.82612,35.32612],[137.82709,35.3264],[137.82736,35.32728],[137.82765,35.32814],[137.82855,35.32863],[137.82935,35.32911],[137.83035,35.32939],[137.83041,35.33016],[137.83006,35.33075],[137.8311,35.33099],[137.83215,35.33078],[137.83277,35.33146],[137.83291,35.33235],[137.83331,35.33317],[137.83409,35.3338],[137.83474,35.33385],[137.83443,35.33431],[137.83532,35.33471],[137.83642,35.33459],[137.83751,35.33446],[137.8386,35.33433],[137.83936,35.33485],[137.84014,35.33547],[137.84086,35.33608],[137.84121,35.33643]]}},{"type":"Feature","properties":{"id":"MinamishinshuNanbu1_3","name":"S0 南部公共バス 阿南線","agency":"下伊那南部地域公共交通対策協議会","verdict":"条件付き","accuracy":"A","L":36.5,"trips":10,"batt":64,"charges":3,"etr":33.9187,"regen":9.6863,"ew":33.37,"mg":0.119396},"geometry":{"type":"LineString","coordinates":[[137.84136,35.33646],[137.84033,35.33551],[137.83914,35.33462],[137.83771,35.33444],[137.83607,35.33463],[137.83454,35.33445],[137.83463,35.33381],[137.83345,35.33329],[137.83287,35.33206],[137.83234,35.33084],[137.83078,35.33088],[137.83024,35.33024],[137.83004,35.32927],[137.82875,35.32864],[137.82753,35.32787],[137.82714,35.32656],[137.8258,35.32601],[137.82536,35.32483],[137.82383,35.3245],[137.8227,35.32359],[137.82108,35.32335],[137.81943,35.32322],[137.81784,35.32289],[137.81624,35.32321],[137.81465,35.32357],[137.81317,35.32336],[137.81229,35.32225],[137.81251,35.32096],[137.81249,35.32083],[137.81253,35.32196],[137.81196,35.32322],[137.81188,35.32454],[137.81232,35.32584],[137.81283,35.32712],[137.81262,35.32844],[137.81192,35.32966],[137.81107,35.33081],[137.80979,35.33166],[137.80824,35.33211],[137.80662,35.33227],[137.80514,35.33284],[137.80349,35.3328],[137.80198,35.33334],[137.80063,35.3341],[137.79968,35.33519],[137.79918,35.33648],[137.79891,35.33781],[137.79885,35.33915],[137.79894,35.3405],[137.79888,35.34184],[137.79857,35.34317],[137.79828,35.34449],[137.79789,35.3458],[137.79744,35.3471],[137.79668,35.3483],[137.7965,35.34962],[137.79679,35.35095],[137.79775,35.35197],[137.79936,35.35228],[137.80037,35.35329],[137.80012,35.35455],[137.79917,35.35565],[137.79874,35.35694],[137.79825,35.35819],[137.79697,35.35867],[137.79538,35.35835],[137.79388,35.35793],[137.79286,35.35895],[137.79237,35.3602],[137.79281,35.3615],[137.79331,35.36278],[137.7935,35.36411],[137.79331,35.36545],[137.79348,35.36678],[137.79407,35.36804],[137.7946,35.3693],[137.79387,35.37047],[137.79267,35.3714],[137.79225,35.37268],[137.79178,35.37397],[137.79075,35.37502],[137.78964,35.37602],[137.78891,35.37719],[137.78893,35.37854],[137.78897,35.37989],[137.78906,35.38123],[137.78909,35.38258],[137.78923,35.38393],[137.78951,35.38526],[137.78991,35.38656],[137.79102,35.38753],[137.7926,35.38791],[137.79392,35.38864],[137.79405,35.38995],[137.79368,35.39126],[137.79334,35.39258],[137.79256,35.39375],[137.79169,35.39484],[137.79186,35.39618],[137.7906,35.39676],[137.78903,35.39632],[137.78765,35.39692],[137.78668,35.39798],[137.78713,35.39925],[137.78751,35.40055],[137.7874,35.40189],[137.78802,35.40312],[137.78887,35.40428],[137.78973,35.40543],[137.79058,35.40659],[137.79168,35.40759],[137.79283,35.40855],[137.79327,35.40985],[137.79343,35.41117],[137.79369,35.41248],[137.79356,35.41382],[137.79334,35.41516],[137.79327,35.41649],[137.7939,35.41773],[137.79523,35.4185],[137.79591,35.41973],[137.79672,35.4209],[137.79772,35.42196],[137.79907,35.4227],[137.80003,35.42378],[137.80157,35.42425],[137.80295,35.425],[137.80411,35.42593],[137.80377,35.42722],[137.80314,35.42846],[137.80302,35.42977],[137.80407,35.4308],[137.80525,35.43174],[137.80657,35.43256],[137.80737,35.43366],[137.80767,35.43495],[137.80906,35.43568],[137.81023,35.4366],[137.81088,35.43783],[137.81093,35.43878],[137.81016,35.43986],[137.81125,35.44086],[137.8124,35.44183],[137.81333,35.44216],[137.81423,35.44128],[137.81555,35.44046],[137.81712,35.44059],[137.81745,35.44134],[137.81697,35.44263],[137.81643,35.44389],[137.81595,35.44486],[137.81576,35.4462],[137.81552,35.44753],[137.81526,35.44886],[137.81503,35.4502],[137.81519,35.45154],[137.81531,35.45281],[137.81515,35.4529],[137.81431,35.45345],[137.81486,35.45472],[137.81557,35.45594],[137.81644,35.45709],[137.81744,35.45816],[137.81848,35.45921],[137.81951,35.46027],[137.82055,35.46132],[137.8216,35.46236],[137.82221,35.46342],[137.82142,35.4646],[137.82025,35.46544],[137.81935,35.46623],[137.82005,35.46744],[137.82139,35.46821],[137.82272,35.469],[137.82328,35.47026],[137.82372,35.47156],[137.82463,35.47267],[137.82569,35.47371],[137.82678,35.47472],[137.82789,35.47573],[137.82899,35.47673],[137.83034,35.47749],[137.83197,35.47753],[137.83361,35.47733],[137.83521,35.47763],[137.83657,35.4784],[137.83747,35.47948],[137.83738,35.48081],[137.83705,35.48213],[137.83723,35.48346],[137.83765,35.48477],[137.83803,35.48608],[137.8384,35.48739],[137.8384,35.48874],[137.83835,35.49009],[137.83832,35.49144],[137.83828,35.49279],[137.83866,35.4941],[137.83919,35.49537],[137.83973,35.49664],[137.83912,35.49745],[137.83916,35.49855],[137.83868,35.49969],[137.83772,35.50013],[137.83617,35.50013],[137.83472,35.50028],[137.83531,35.49942],[137.83469,35.49986],[137.83567,35.50025],[137.83728,35.49998],[137.83846,35.50043],[137.83867,35.50167],[137.83707,35.50203],[137.83548,35.50231],[137.83383,35.50242],[137.83219,35.50251],[137.83054,35.50234],[137.82889,35.50225],[137.82724,35.50219],[137.8259,35.50252],[137.82614,35.50386],[137.82647,35.50518],[137.8268,35.5065],[137.82829,35.50687],[137.82991,35.50713],[137.83154,35.507],[137.83317,35.50674],[137.83417,35.50742],[137.83484,35.50866],[137.83505,35.51],[137.83534,35.51132],[137.83452,35.51223],[137.83309,35.51291],[137.83166,35.5136],[137.83024,35.51429],[137.82883,35.515],[137.82741,35.51569],[137.82618,35.51659],[137.82476,35.5173],[137.82334,35.51798],[137.82201,35.51879],[137.82087,35.51872],[137.82106,35.51882],[137.82014,35.5177],[137.81947,35.51722]]}},{"type":"Feature","properties":{"id":"MinamishinshuNanbu1_4","name":"S0 南部公共バス 阿南線","agency":"下伊那南部地域公共交通対策協議会","verdict":"条件付き","accuracy":"A","L":36.5,"trips":6,"batt":64,"charges":2,"etr":33.9187,"regen":9.6863,"ew":33.37,"mg":0.119396},"geometry":{"type":"LineString","coordinates":[[137.84136,35.33646],[137.84033,35.33551],[137.83914,35.33462],[137.83771,35.33444],[137.83607,35.33463],[137.83454,35.33445],[137.83463,35.33381],[137.83345,35.33329],[137.83287,35.33206],[137.83234,35.33084],[137.83078,35.33088],[137.83024,35.33024],[137.83004,35.32927],[137.82875,35.32864],[137.82753,35.32787],[137.82714,35.32656],[137.8258,35.32601],[137.82536,35.32483],[137.82383,35.3245],[137.8227,35.32359],[137.82108,35.32335],[137.81943,35.32322],[137.81784,35.32289],[137.81624,35.32321],[137.81465,35.32357],[137.81317,35.32336],[137.81229,35.32225],[137.81251,35.32096],[137.81249,35.32083],[137.81253,35.32196],[137.81196,35.32322],[137.81188,35.32454],[137.81232,35.32584],[137.81283,35.32712],[137.81262,35.32844],[137.81192,35.32966],[137.81107,35.33081],[137.80979,35.33166],[137.80824,35.33211],[137.80662,35.33227],[137.80514,35.33284],[137.80349,35.3328],[137.80198,35.33334],[137.80063,35.3341],[137.79968,35.33519],[137.79918,35.33648],[137.79891,35.33781],[137.79885,35.33915],[137.79894,35.3405],[137.79888,35.34184],[137.79857,35.34317],[137.79828,35.34449],[137.79789,35.3458],[137.79744,35.3471],[137.79668,35.3483],[137.7965,35.34962],[137.79679,35.35095],[137.79775,35.35197],[137.79936,35.35228],[137.80037,35.35329],[137.80012,35.35455],[137.79917,35.35565],[137.79874,35.35694],[137.79825,35.35819],[137.79697,35.35867],[137.79538,35.35835],[137.79388,35.35793],[137.79286,35.35895],[137.79237,35.3602],[137.79281,35.3615],[137.79331,35.36278],[137.7935,35.36411],[137.79331,35.36545],[137.79348,35.36678],[137.79407,35.36804],[137.7946,35.3693],[137.79387,35.37047],[137.79267,35.3714],[137.79225,35.37268],[137.79178,35.37397],[137.79075,35.37502],[137.78964,35.37602],[137.78891,35.37719],[137.78893,35.37854],[137.78897,35.37989],[137.78906,35.38123],[137.78909,35.38258],[137.78923,35.38393],[137.78951,35.38526],[137.78991,35.38656],[137.79102,35.38753],[137.7926,35.38791],[137.79392,35.38864],[137.79405,35.38995],[137.79368,35.39126],[137.79334,35.39258],[137.79256,35.39375],[137.79169,35.39484],[137.79186,35.39618],[137.7906,35.39676],[137.78903,35.39632],[137.78765,35.39692],[137.78668,35.39798],[137.78713,35.39925],[137.78751,35.40055],[137.7874,35.40189],[137.78802,35.40312],[137.78887,35.40428],[137.78973,35.40543],[137.79058,35.40659],[137.79168,35.40759],[137.79283,35.40855],[137.79327,35.40985],[137.79343,35.41117],[137.79369,35.41248],[137.79356,35.41382],[137.79334,35.41516],[137.79327,35.41649],[137.7939,35.41773],[137.79523,35.4185],[137.79591,35.41973],[137.79672,35.4209],[137.79772,35.42196],[137.79907,35.4227],[137.80003,35.42378],[137.80157,35.42425],[137.80295,35.425],[137.80411,35.42593],[137.80377,35.42722],[137.80314,35.42846],[137.80302,35.42977],[137.80407,35.4308],[137.80525,35.43174],[137.80657,35.43256],[137.80737,35.43366],[137.80767,35.43495],[137.80906,35.43568],[137.81023,35.4366],[137.81088,35.43783],[137.81093,35.43878],[137.81016,35.43986],[137.81125,35.44086],[137.8124,35.44183],[137.81333,35.44216],[137.81423,35.44128],[137.81555,35.44046],[137.81712,35.44059],[137.81745,35.44134],[137.81697,35.44263],[137.81643,35.44389],[137.81595,35.44486],[137.81576,35.4462],[137.81552,35.44753],[137.81526,35.44886],[137.81503,35.4502],[137.81519,35.45154],[137.81531,35.45281],[137.81515,35.4529],[137.81431,35.45345],[137.81486,35.45472],[137.81557,35.45594],[137.81644,35.45709],[137.81744,35.45816],[137.81848,35.45921],[137.81951,35.46027],[137.82055,35.46132],[137.8216,35.46236],[137.82221,35.46342],[137.82142,35.4646],[137.82025,35.46544],[137.81935,35.46623],[137.82005,35.46744],[137.82139,35.46821],[137.82272,35.469],[137.82328,35.47026],[137.82372,35.47156],[137.82463,35.47267],[137.82569,35.47371],[137.82678,35.47472],[137.82789,35.47573],[137.82899,35.47673],[137.83034,35.47749],[137.83197,35.47753],[137.83361,35.47733],[137.83521,35.47763],[137.83657,35.4784],[137.83747,35.47948],[137.83738,35.48081],[137.83705,35.48213],[137.83723,35.48346],[137.83765,35.48477],[137.83803,35.48608],[137.8384,35.48739],[137.8384,35.48874],[137.83835,35.49009],[137.83832,35.49144],[137.83828,35.49279],[137.83866,35.4941],[137.83919,35.49537],[137.83973,35.49664],[137.83912,35.49745],[137.83916,35.49855],[137.83868,35.49969],[137.83772,35.50013],[137.83617,35.50013],[137.83472,35.50028],[137.83531,35.49942],[137.83469,35.49986],[137.83567,35.50025],[137.83728,35.49998],[137.83846,35.50043],[137.83867,35.50167],[137.83707,35.50203],[137.83548,35.50231],[137.83383,35.50242],[137.83219,35.50251],[137.83054,35.50234],[137.82889,35.50225],[137.82724,35.50219],[137.8259,35.50252],[137.82614,35.50386],[137.82647,35.50518],[137.8268,35.5065],[137.82829,35.50687],[137.82991,35.50713],[137.83154,35.507],[137.83317,35.50674],[137.83417,35.50742],[137.83484,35.50866],[137.83505,35.51],[137.83534,35.51132],[137.83452,35.51223],[137.83309,35.51291],[137.83166,35.5136],[137.83024,35.51429],[137.82883,35.515],[137.82741,35.51569],[137.82618,35.51659],[137.82476,35.5173],[137.82334,35.51798],[137.82201,35.51879],[137.82087,35.51872],[137.82106,35.51882],[137.82014,35.5177],[137.81947,35.51722]]}},{"type":"Feature","properties":{"id":"MinamishinshuOoshika1_14","name":"M1 大鹿線","agency":"伊那バス","verdict":"条件付き","accuracy":"A","L":27.6,"trips":11,"batt":43,"charges":2,"etr":22.5405,"regen":6.7859,"ew":22.6672,"mg":0.12},"geometry":{"type":"LineString","coordinates":[[137.8875,35.60672],[137.8878,35.60634],[137.88882,35.6056],[137.89016,35.60537],[137.89139,35.60488],[137.89254,35.60425],[137.89373,35.60368],[137.89506,35.60339],[137.89638,35.60305],[137.89763,35.60258],[137.8989,35.60214],[137.90028,35.60209],[137.90162,35.60184],[137.90296,35.60158],[137.90418,35.60116],[137.90473,35.60015],[137.90498,35.59907],[137.90612,35.59843],[137.90727,35.59782],[137.90843,35.59721],[137.90967,35.59675],[137.91076,35.59709],[137.91108,35.59818],[137.91146,35.59926],[137.91182,35.60027],[137.91157,35.59948],[137.91115,35.59841],[137.91082,35.59732],[137.91121,35.59642],[137.91153,35.59537],[137.91248,35.59502],[137.91311,35.59602],[137.91395,35.59686],[137.9152,35.59648],[137.91637,35.59588],[137.91761,35.5954],[137.91888,35.59495],[137.91972,35.59538],[137.91986,35.5965],[137.92071,35.59732],[137.92184,35.59796],[137.92278,35.59878],[137.92402,35.59927],[137.92508,35.59996],[137.9258,35.60091],[137.92706,35.60123],[137.92823,35.60171],[137.92849,35.60278],[137.92864,35.60388],[137.92957,35.6047],[137.93058,35.60547],[137.93176,35.60601],[137.93259,35.6055],[137.93365,35.6052],[137.93486,35.60567],[137.93574,35.60653],[137.9366,35.60742],[137.93751,35.60819],[137.93876,35.60867],[137.93959,35.60953],[137.94057,35.61027],[137.94188,35.6106],[137.94318,35.61084],[137.94412,35.61004],[137.94463,35.60906],[137.94586,35.60861],[137.94684,35.60785],[137.9479,35.60827],[137.94927,35.6081],[137.9502,35.6074],[137.95144,35.60702],[137.9527,35.60695],[137.95374,35.60625],[137.95475,35.60548],[137.95591,35.60487],[137.95646,35.60387],[137.95746,35.60318],[137.95872,35.60295],[137.96007,35.60289],[137.9612,35.6033],[137.96198,35.60408],[137.96281,35.60478],[137.96311,35.60583],[137.96426,35.60644],[137.96549,35.60687],[137.96672,35.60714],[137.9679,35.60686],[137.96919,35.60727],[137.97007,35.60792],[137.97063,35.6087],[137.97198,35.6088],[137.97327,35.60862],[137.97452,35.60876],[137.97516,35.60969],[137.97578,35.61048],[137.97713,35.61065],[137.97851,35.61074],[137.97989,35.61083],[137.98127,35.61092],[137.98265,35.61099],[137.98403,35.61106],[137.9854,35.61101],[137.98675,35.61103],[137.98763,35.61185],[137.98887,35.61234],[137.99016,35.61274],[137.99149,35.61253],[137.9926,35.61185],[137.99368,35.61115],[137.99475,35.61044],[137.99584,35.60975],[137.99692,35.60905],[137.99795,35.60831],[137.99845,35.60728],[137.99854,35.60616],[137.99928,35.60523],[138.00011,35.60433],[138.00095,35.60344],[138.00178,35.60254],[138.00262,35.60165],[138.00357,35.60083],[138.00461,35.6001],[138.00577,35.59948],[138.00696,35.59891],[138.00785,35.5981],[138.00898,35.59799],[138.0099,35.59881],[138.01103,35.59874],[138.01208,35.59818],[138.01253,35.59719],[138.01263,35.59609],[138.01333,35.59512],[138.01386,35.5941],[138.01363,35.59301],[138.01333,35.59192],[138.01322,35.59081],[138.01412,35.58999],[138.01509,35.58919],[138.01588,35.58827],[138.01659,35.58731],[138.01713,35.58628],[138.01762,35.58523],[138.01806,35.58416],[138.01857,35.58312],[138.01959,35.58264],[138.0209,35.58246],[138.02202,35.58181],[138.02337,35.58157],[138.02465,35.58116],[138.02571,35.58045],[138.02697,35.57998],[138.02826,35.5796],[138.02959,35.57982],[138.03094,35.57976],[138.03226,35.57943],[138.03359,35.57915],[138.03492,35.57884],[138.0362,35.57915],[138.03683,35.58014],[138.03767,35.58102],[138.03881,35.58163],[138.03953,35.58259],[138.04032,35.58351],[138.04097,35.58449],[138.04162,35.58546],[138.0427,35.58616],[138.04379,35.58685],[138.04486,35.58756],[138.04574,35.58842],[138.04692,35.58879],[138.04763,35.58968],[138.04778,35.59079],[138.04802,35.59189],[138.04783,35.59299],[138.04777,35.59409],[138.04815,35.59516],[138.04804,35.59628],[138.04803,35.59663],[138.04817,35.59552],[138.04792,35.59442],[138.0477,35.59334],[138.04805,35.59225],[138.04786,35.59114],[138.04772,35.59002],[138.04729,35.58896],[138.04601,35.5887],[138.04518,35.58781],[138.04413,35.58707],[138.04305,35.58638],[138.04196,35.58568],[138.04113,35.58482],[138.0406,35.58378],[138.0398,35.58287],[138.03904,35.58193],[138.03799,35.58126],[138.03702,35.58046],[138.03646,35.57945],[138.03536,35.57883],[138.03402,35.57905],[138.03367,35.57827],[138.03387,35.57717],[138.0344,35.57614],[138.03489,35.57508],[138.03518,35.574],[138.03527,35.57287],[138.03531,35.57175],[138.03496,35.5707],[138.03578,35.5698],[138.03674,35.569],[138.03714,35.56796],[138.03723,35.56684],[138.03741,35.56573],[138.03736,35.56547],[138.03801,35.5646],[138.03853,35.56356],[138.03905,35.56251],[138.03958,35.56148],[138.04011,35.56044],[138.04059,35.55939],[138.04102,35.55832],[138.04112,35.55722],[138.04213,35.55653],[138.0423,35.55636]]}},{"type":"Feature","properties":{"id":"Minamishinshuseibu1_13","name":"W1 西部コミュニティバス","agency":"根羽村","verdict":"条件付き","accuracy":"A","L":36.8,"trips":16,"batt":59,"charges":5,"etr":32.3266,"regen":10.4546,"ew":31.0595,"mg":0.106358},"geometry":{"type":"LineString","coordinates":[[137.74731,35.43802],[137.74843,35.43899],[137.75002,35.43903],[137.75152,35.43846],[137.75314,35.43831],[137.75458,35.43892],[137.75537,35.44007],[137.7554,35.44142],[137.75538,35.44277],[137.75534,35.44411],[137.75515,35.44545],[137.75512,35.4468],[137.75555,35.44805],[137.75657,35.44855],[137.75526,35.44792],[137.75365,35.44819],[137.75206,35.44804],[137.75041,35.448],[137.74914,35.44801],[137.74801,35.44704],[137.74673,35.44617],[137.74578,35.44515],[137.7445,35.44459],[137.74294,35.44423],[137.74134,35.44428],[137.7398,35.44477],[137.73839,35.44547],[137.73742,35.44648],[137.736,35.44717],[137.73458,35.44786],[137.73315,35.44854],[137.73172,35.44922],[137.73013,35.44952],[137.72849,35.44943],[137.72721,35.45024],[137.72612,35.45126],[137.72481,35.45208],[137.72333,35.45177],[137.72202,35.45095],[137.72057,35.45033],[137.72005,35.44908],[137.71981,35.44774],[137.71955,35.44641],[137.71858,35.44539],[137.71698,35.44504],[137.71542,35.44471],[137.71427,35.44375],[137.71313,35.44278],[137.71198,35.44181],[137.71106,35.44072],[137.70995,35.43977],[137.70891,35.43874],[137.70782,35.43774],[137.70627,35.43795],[137.70491,35.43761],[137.70527,35.43632],[137.70579,35.43504],[137.70542,35.43375],[137.70469,35.43253],[137.70398,35.43132],[137.70306,35.43021],[137.70153,35.42988],[137.70026,35.43067],[137.69998,35.43199],[137.69869,35.43246],[137.6986,35.4313],[137.69961,35.43027],[137.69995,35.42895],[137.69954,35.42774],[137.69887,35.42657],[137.69943,35.42531],[137.69975,35.42401],[137.6996,35.42267],[137.69942,35.42133],[137.69935,35.41998],[137.6994,35.41864],[137.69961,35.4173],[137.69933,35.41597],[137.69864,35.41479],[137.69745,35.41385],[137.69702,35.41258],[137.69719,35.41125],[137.69661,35.40999],[137.696,35.40874],[137.69519,35.40757],[137.6942,35.40649],[137.69336,35.40534],[137.69289,35.40405],[137.69272,35.40271],[137.69193,35.40155],[137.69092,35.40048],[137.68981,35.39949],[137.68832,35.39889],[137.68705,35.39806],[137.68639,35.39683],[137.68615,35.3955],[137.68591,35.39417],[137.68476,35.39325],[137.68365,35.39228],[137.68334,35.39096],[137.68335,35.38962],[137.68296,35.38833],[137.68376,35.38743],[137.68479,35.38658],[137.6843,35.3853],[137.68532,35.38439],[137.68658,35.38359],[137.68685,35.38227],[137.68694,35.38092],[137.68667,35.3796],[137.68635,35.3783],[137.68696,35.37705],[137.68828,35.3764],[137.68866,35.37515],[137.6874,35.37435],[137.6859,35.37437],[137.68455,35.37474],[137.68305,35.37438],[137.6815,35.37397],[137.6799,35.37368],[137.67858,35.37304],[137.67735,35.37214],[137.67636,35.37112],[137.67602,35.36982],[137.67485,35.36888],[137.67359,35.36807],[137.6732,35.36682],[137.67217,35.36579],[137.67174,35.36456],[137.67088,35.36345],[137.67055,35.36214],[137.67029,35.36087],[137.67144,35.36157],[137.67254,35.36077],[137.67227,35.35953],[137.67188,35.35824],[137.67164,35.3569],[137.67096,35.35567],[137.67002,35.35457],[137.66903,35.3535],[137.66846,35.35223],[137.66774,35.35103],[137.66654,35.35011],[137.66501,35.34961],[137.66349,35.34909],[137.66201,35.34848],[137.66073,35.34766],[137.65997,35.34646],[137.6593,35.34523],[137.65803,35.34441],[137.65688,35.34347],[137.65529,35.34315],[137.65366,35.34309],[137.65275,35.34417],[137.6513,35.34472],[137.65003,35.34557],[137.64869,35.34516],[137.64906,35.34387],[137.64908,35.34257],[137.64897,35.34126],[137.64894,35.33991],[137.6488,35.33858],[137.64817,35.33734],[137.64747,35.33612],[137.64633,35.33515],[137.64526,35.33412],[137.6441,35.33316],[137.6435,35.33191],[137.64265,35.33076],[137.64166,35.32968],[137.64057,35.32867],[137.63907,35.32813],[137.63761,35.3275],[137.63632,35.32666],[137.63531,35.3256],[137.63399,35.32481],[137.63252,35.32419],[137.63113,35.32347],[137.62996,35.32252],[137.62903,35.3214],[137.62818,35.32025],[137.62732,35.31909],[137.62674,35.31784],[137.62674,35.3165],[137.62671,35.31515],[137.62627,35.31385],[137.626,35.31253],[137.62603,35.31118],[137.62526,35.31],[137.62443,35.30883],[137.62367,35.30764],[137.62328,35.30633],[137.62227,35.30527],[137.62191,35.304],[137.6221,35.30266],[137.62193,35.30133],[137.62102,35.30022],[137.61988,35.29924],[137.61893,35.29815],[137.61884,35.29683],[137.61865,35.29553],[137.61758,35.2945],[137.61631,35.29365],[137.61476,35.29319],[137.61312,35.29318],[137.61149,35.29341],[137.60986,35.29363],[137.60822,35.29348],[137.60667,35.29305],[137.60537,35.29224],[137.60373,35.29227],[137.60221,35.29177],[137.60077,35.29111],[137.60002,35.28994],[137.59912,35.28881],[137.5984,35.2876],[137.59754,35.28645],[137.59639,35.28549],[137.59522,35.28453],[137.59411,35.28353],[137.59308,35.28248],[137.59217,35.28136],[137.59109,35.28034],[137.59011,35.27926],[137.58929,35.27809],[137.58873,35.27683],[137.58863,35.27548],[137.58864,35.27413],[137.58853,35.27279],[137.58837,35.27145],[137.58827,35.2701],[137.58879,35.26883],[137.5897,35.26771],[137.59004,35.26643],[137.58916,35.26531],[137.58802,35.26433],[137.58696,35.2633],[137.58607,35.26216],[137.58528,35.26098],[137.58452,35.25978],[137.58361,35.25866],[137.58284,35.25747],[137.58186,35.25638],[137.58146,35.25508],[137.58197,35.25385],[137.58133,35.25278]]}},{"type":"Feature","properties":{"id":"MinamishinshuShinnan1_1","name":"W0-1 駒場線","agency":"信南交通","verdict":"適","accuracy":"A","L":18.3,"trips":56,"batt":26,"charges":9,"etr":10.535,"regen":1.3295,"ew":13.7805,"mg":0.059935},"geometry":{"type":"LineString","coordinates":[[137.84264,35.51705],[137.84183,35.51717],[137.84101,35.51729],[137.8402,35.5174],[137.83938,35.51752],[137.83856,35.51763],[137.83775,35.51776],[137.83693,35.51784],[137.8361,35.51789],[137.8353,35.51777],[137.83451,35.51758],[137.83369,35.51753],[137.83292,35.51779],[137.83215,35.51804],[137.83138,35.51829],[137.83061,35.51853],[137.82984,35.51878],[137.82937,35.51855],[137.82896,35.51796],[137.82837,35.51782],[137.82761,35.51809],[137.82685,35.51836],[137.82609,35.51863],[137.82541,35.519],[137.82474,35.5194],[137.82413,35.51974],[137.82346,35.52013],[137.82279,35.52011],[137.82213,35.5197],[137.8215,35.51927],[137.82099,35.51874],[137.82101,35.51912],[137.82117,35.51896],[137.82072,35.51839],[137.82025,35.51784],[137.8198,35.51727],[137.81918,35.51738],[137.81859,35.51719],[137.81815,35.51663],[137.81793,35.51598],[137.81773,35.51533],[137.81753,35.51467],[137.81715,35.51407],[137.81668,35.51369],[137.8159,35.51393],[137.8151,35.51409],[137.81427,35.5141],[137.81346,35.51419],[137.81268,35.51441],[137.81186,35.51451],[137.81104,35.51444],[137.81024,35.51456],[137.80946,35.51434],[137.80877,35.514],[137.80837,35.51341],[137.80812,35.51278],[137.808,35.51212],[137.80747,35.51161],[137.80685,35.51116],[137.80625,35.51069],[137.80567,35.51021],[137.80509,35.50973],[137.80451,35.50925],[137.80392,35.50878],[137.80342,35.50825],[137.8032,35.5076],[137.80288,35.50699],[137.80214,35.50714],[137.80136,35.50726],[137.80063,35.50694],[137.79986,35.50669],[137.79905,35.50654],[137.79825,35.50639],[137.79747,35.50616],[137.79675,35.50583],[137.7961,35.50541],[137.79548,35.50497],[137.79488,35.5045],[137.79431,35.50401],[137.79374,35.50352],[137.79318,35.50302],[137.7927,35.50247],[137.79219,35.50194],[137.7917,35.5014],[137.79118,35.50087],[137.79067,35.50034],[137.79015,35.49982],[137.78964,35.49928],[137.78922,35.4987],[137.78884,35.4981],[137.78845,35.49751],[137.78808,35.4969],[137.78772,35.4963],[137.78737,35.49569],[137.7871,35.49505],[137.78684,35.49441],[137.78653,35.49378],[137.78612,35.4932],[137.78569,35.49262],[137.78526,35.49204],[137.78485,35.49146],[137.7844,35.49089],[137.78394,35.49033],[137.78338,35.48984],[137.78277,35.48938],[137.78217,35.48891],[137.7816,35.48843],[137.78105,35.48792],[137.78049,35.48742],[137.77977,35.48711],[137.77895,35.487],[137.77817,35.48679],[137.77744,35.48648],[137.77671,35.48615],[137.77598,35.48583],[137.77526,35.48551],[137.77453,35.48518],[137.77381,35.48485],[137.77308,35.48453],[137.77235,35.4842],[137.77163,35.48388],[137.7709,35.48355],[137.77015,35.48327],[137.7694,35.48299],[137.76864,35.48272],[137.76787,35.48246],[137.76712,35.48219],[137.7664,35.48185],[137.76582,35.48137],[137.76531,35.48084],[137.76481,35.4803],[137.7643,35.47977],[137.76385,35.47921],[137.76347,35.47861],[137.76311,35.478],[137.76274,35.4774],[137.76245,35.47677],[137.76242,35.4761],[137.76241,35.47542],[137.76243,35.47475],[137.76243,35.47417],[137.76241,35.4735],[137.7624,35.47283],[137.76232,35.47215],[137.76208,35.47151],[137.76179,35.47088],[137.76151,35.47025],[137.76122,35.46961],[137.76094,35.46898],[137.76064,35.46835],[137.76035,35.46772],[137.76005,35.46709],[137.75972,35.46647],[137.75919,35.46597],[137.75861,35.46548],[137.75804,35.46499],[137.75801,35.46436],[137.75801,35.46381],[137.75739,35.46336],[137.75682,35.46287],[137.75631,35.46234],[137.75586,35.46178],[137.75545,35.46119],[137.7551,35.46058],[137.75477,35.45996],[137.75444,35.45934],[137.75412,35.45872],[137.7538,35.4581],[137.7535,35.45747],[137.75321,35.45684],[137.7529,35.45621],[137.75257,35.4556],[137.75225,35.45497],[137.75191,35.45436],[137.75159,35.45374],[137.7513,35.4531],[137.75103,35.45247],[137.75079,35.45182],[137.75057,35.45117],[137.75036,35.45052],[137.75015,35.44987],[137.7499,35.44922],[137.74958,35.4486],[137.74915,35.44803],[137.74862,35.44751],[137.74802,35.44705],[137.74739,35.44661],[137.74675,35.44619],[137.74611,35.44576],[137.74542,35.44539],[137.74464,35.44515],[137.74386,35.44493],[137.74305,35.44482],[137.74222,35.44485],[137.7414,35.4449],[137.74059,35.44506],[137.73983,35.44533],[137.73912,35.44567],[137.73841,35.44601],[137.73769,35.44635],[137.73698,35.44669],[137.73627,35.44704],[137.73555,35.44738],[137.73484,35.44773],[137.73413,35.44807],[137.73342,35.44841],[137.7327,35.44875],[137.73199,35.4491],[137.73126,35.44941],[137.73045,35.44952],[137.72962,35.44947],[137.7288,35.4494],[137.72802,35.4496],[137.72741,35.45005],[137.72687,35.45056],[137.72633,35.45107],[137.7257,35.4515],[137.72499,35.45184],[137.72419,35.452],[137.72338,35.45213],[137.72257,35.45228],[137.72184,35.45258],[137.72106,35.45279],[137.72025,35.45295],[137.7195,35.45321],[137.7189,35.45368],[137.71833,35.45417],[137.71782,35.4547],[137.7173,35.45522],[137.71678,35.45575],[137.71614,35.45558],[137.71543,35.45522],[137.71479,35.4548],[137.71416,35.45436],[137.71357,35.45461],[137.71311,35.45516],[137.71274,35.45574],[137.71234,35.45633],[137.7119,35.45689],[137.7115,35.45749],[137.71101,35.45802],[137.71046,35.45853],[137.70998,35.45908],[137.70974,35.45972],[137.70944,35.46015]]}},{"type":"Feature","properties":{"id":"MinamishinshuShinnan1_2","name":"W0-2 駒場線","agency":"信南交通","verdict":"適","accuracy":"A","L":19.4,"trips":17,"batt":22,"charges":2,"etr":8.9821,"regen":2.2206,"ew":11.6239,"mg":0.063198},"geometry":{"type":"LineString","coordinates":[[137.73417,35.44805],[137.73489,35.44771],[137.7356,35.44736],[137.73631,35.44702],[137.73702,35.44667],[137.73765,35.44631],[137.73805,35.44573],[137.73869,35.44531],[137.73938,35.44494],[137.74013,35.44465],[137.7409,35.44442],[137.74168,35.44419],[137.7425,35.44412],[137.74326,35.44436],[137.74403,35.44459],[137.74485,35.44455],[137.74551,35.44484],[137.74598,35.44539],[137.74637,35.44593],[137.74701,35.44636],[137.74765,35.44679],[137.74828,35.44723],[137.74886,35.44771],[137.74934,35.44826],[137.74973,35.44885],[137.75002,35.44949],[137.75023,35.45014],[137.75045,35.45079],[137.75066,35.45144],[137.75088,35.45209],[137.75114,35.45273],[137.75142,35.45337],[137.75172,35.45399],[137.75205,35.45461],[137.75238,35.45523],[137.75271,35.45585],[137.75303,35.45647],[137.75333,35.4571],[137.75362,35.45773],[137.75393,35.45836],[137.75425,35.45898],[137.75458,35.4596],[137.75491,35.46022],[137.75524,35.46083],[137.75556,35.46145],[137.75595,35.46205],[137.7564,35.46261],[137.75692,35.46314],[137.7575,35.46362],[137.75815,35.46404],[137.75793,35.46465],[137.75831,35.4652],[137.75886,35.4657],[137.75945,35.46617],[137.75988,35.46674],[137.76019,35.46737],[137.76047,35.468],[137.76078,35.46863],[137.76106,35.46926],[137.76134,35.4699],[137.76164,35.47053],[137.76193,35.47116],[137.76221,35.47179],[137.76236,35.47245],[137.76241,35.47312],[137.7624,35.4738],[137.76263,35.47442],[137.76241,35.47505],[137.76241,35.47572],[137.76242,35.4764],[137.76254,35.47706],[137.76291,35.47766],[137.76327,35.47827],[137.76363,35.47888],[137.76404,35.47947],[137.76453,35.48001],[137.76503,35.48054],[137.76554,35.48108],[137.76606,35.4816],[137.76671,35.48202],[137.76745,35.48231],[137.76821,35.48258],[137.76898,35.48284],[137.76973,35.48311],[137.77049,35.48339],[137.77123,35.4837],[137.77195,35.48402],[137.77268,35.48435],[137.7734,35.48468],[137.77413,35.485],[137.77485,35.48532],[137.77558,35.48565],[137.77631,35.48597],[137.77703,35.4863],[137.77776,35.48662],[137.77851,35.48691],[137.77932,35.48704],[137.78011,35.48721],[137.78075,35.48764],[137.78129,35.48815],[137.78185,35.48865],[137.78244,35.48912],[137.78304,35.48958],[137.78364,35.49005],[137.78416,35.49057],[137.78459,35.49115],[137.78503,35.49172],[137.78545,35.4923],[137.78588,35.49288],[137.78632,35.49345],[137.78668,35.49406],[137.78695,35.49469],[137.78722,35.49533],[137.78752,35.49596],[137.78788,35.49657],[137.78824,35.49717],[137.78863,35.49777],[137.78901,35.49837],[137.78939,35.49897],[137.78986,35.49952],[137.79038,35.50005],[137.7909,35.50058],[137.79141,35.5011],[137.79191,35.50164],[137.79243,35.50217],[137.79315,35.50187],[137.79389,35.50158],[137.79467,35.50134],[137.79547,35.50119],[137.79629,35.5011],[137.79712,35.50102],[137.79794,35.50092],[137.79875,35.50081],[137.79924,35.50123],[137.7996,35.50184],[137.79927,35.50227],[137.79853,35.50258],[137.79807,35.50209],[137.79865,35.50179],[137.79902,35.50238],[137.79975,35.50207],[137.7995,35.50148],[137.79916,35.50086],[137.79983,35.5007],[137.80066,35.50066],[137.80148,35.50067],[137.80231,35.50071],[137.80314,35.50074],[137.80397,35.50078],[137.80479,35.50082],[137.80562,35.50087],[137.80645,35.50091],[137.80727,35.50095],[137.8081,35.50099],[137.80893,35.50103],[137.80975,35.50108],[137.81058,35.50108],[137.8114,35.50097],[137.8122,35.50079],[137.81297,35.50054],[137.81374,35.5003],[137.81451,35.50005],[137.81528,35.49981],[137.81605,35.49956],[137.81685,35.49939],[137.81767,35.49929],[137.8185,35.49926],[137.81933,35.49924],[137.82016,35.4992],[137.82098,35.49916],[137.8218,35.49907],[137.82262,35.49895],[137.82343,35.49881],[137.82423,35.49865],[137.82504,35.49851],[137.82585,35.49837],[137.82668,35.49829],[137.8275,35.49828],[137.82833,35.49828],[137.82916,35.49831],[137.82988,35.49848],[137.83024,35.49908],[137.83085,35.49909],[137.83126,35.49962],[137.83176,35.49993],[137.83251,35.49964],[137.83328,35.4995],[137.8338,35.49981],[137.83457,35.49955],[137.83531,35.49943],[137.83504,35.49946],[137.83469,35.49985],[137.83487,35.50045],[137.83566,35.50025],[137.83645,35.50004],[137.83727,35.49998],[137.83782,35.50036],[137.83845,35.50042],[137.83868,35.50107],[137.83868,35.50167],[137.83788,35.50185],[137.83708,35.50203],[137.83631,35.50227],[137.83549,35.50231],[137.83466,35.50233],[137.83384,35.50242],[137.83302,35.50251],[137.83219,35.50252],[137.83137,35.50243],[137.83055,35.50234],[137.82973,35.50228],[137.8289,35.50225],[137.82807,35.50223],[137.82724,35.50219],[137.82643,35.50212],[137.8259,35.50252],[137.82602,35.50318],[137.82614,35.50385],[137.8263,35.50451],[137.82647,35.50517],[137.82664,35.50583],[137.8268,35.50649],[137.82746,35.50675],[137.82828,35.50686],[137.82909,35.507],[137.8299,35.50712],[137.83072,35.50713],[137.83154,35.507],[137.83235,35.50688],[137.83316,35.50674],[137.83381,35.50681],[137.83417,35.50742],[137.83452,35.50803],[137.83483,35.50865],[137.83494,35.50932],[137.83505,35.50999],[137.83517,35.51066],[137.83534,35.51132],[137.83524,35.51188],[137.83452,35.51222],[137.83381,35.51257],[137.8331,35.51291],[137.83238,35.51325],[137.83167,35.5136],[137.83096,35.51394],[137.83025,35.51429],[137.82954,35.51464],[137.82884,35.51499],[137.82813,35.51534],[137.82742,35.51569],[137.8268,35.51614],[137.82618,35.51659],[137.82548,35.51694],[137.82477,35.51729],[137.82406,35.51763],[137.82334,35.51798],[137.82267,35.51837],[137.82201,35.51878],[137.82135,35.51917],[137.82088,35.51871],[137.82078,35.51889]]}},{"type":"Feature","properties":{"id":"MinamishinshuShinnan1_3L","name":"E0 阿島線","agency":"信南交通","verdict":"適","accuracy":"A","L":26.1,"trips":3,"batt":31,"charges":0,"etr":11.6325,"regen":2.0681,"ew":16.102,"mg":0.056126},"geometry":{"type":"LineString","coordinates":[[137.81927,35.51733],[137.81935,35.51795],[137.82021,35.51843],[137.8209,35.51862],[137.82123,35.51927],[137.82085,35.51854],[137.821,35.51795],[137.8219,35.51743],[137.82281,35.51693],[137.82374,35.51643],[137.82348,35.51576],[137.82289,35.515],[137.82227,35.51425],[137.82168,35.5135],[137.82101,35.51279],[137.82007,35.51231],[137.81898,35.51227],[137.81793,35.51256],[137.81691,35.51289],[137.81588,35.51321],[137.81485,35.51354],[137.81397,35.51354],[137.8138,35.51266],[137.81357,35.51178],[137.81295,35.51104],[137.81248,35.51023],[137.81206,35.5094],[137.81189,35.50863],[137.81289,35.50825],[137.8139,35.50788],[137.8149,35.50751],[137.81594,35.5072],[137.81699,35.50693],[137.81803,35.50661],[137.81905,35.50628],[137.82008,35.50596],[137.82115,35.50572],[137.82224,35.50561],[137.82333,35.50574],[137.82443,35.50581],[137.82553,35.50584],[137.82664,35.50587],[137.82643,35.505],[137.8262,35.50412],[137.82603,35.50324],[137.82592,35.50235],[137.82691,35.50214],[137.828,35.50223],[137.82911,35.50226],[137.83021,35.50231],[137.83131,35.50242],[137.8324,35.50254],[137.8335,35.50246],[137.83459,35.50234],[137.8357,35.50231],[137.83676,35.50212],[137.83781,35.50186],[137.83882,35.50156],[137.83855,35.50069],[137.83789,35.50035],[137.83706,35.49999],[137.83599,35.50017],[137.83494,35.50045],[137.83467,35.49968],[137.83531,35.49927],[137.83466,35.49952],[137.83455,35.49862],[137.8354,35.49848],[137.8365,35.49852],[137.83755,35.49877],[137.83844,35.49929],[137.83913,35.49999],[137.83976,35.50073],[137.84042,35.50145],[137.84122,35.50207],[137.8421,35.50261],[137.84295,35.50318],[137.84266,35.50394],[137.84329,35.50457],[137.84383,35.50533],[137.84418,35.50618],[137.84489,35.50657],[137.84597,35.50638],[137.84704,35.50615],[137.8481,35.50589],[137.84914,35.5056],[137.85019,35.50532],[137.85124,35.50503],[137.8523,35.50478],[137.85338,35.50459],[137.85445,35.50437],[137.85552,35.50415],[137.85658,35.50389],[137.85765,35.50366],[137.85871,35.50342],[137.85975,35.50311],[137.86067,35.50262],[137.86124,35.50186],[137.86142,35.50098],[137.86205,35.50053],[137.86315,35.50041],[137.86383,35.50079],[137.86422,35.50163],[137.86467,35.50243],[137.8653,35.50316],[137.86565,35.50384],[137.86653,35.50381],[137.86741,35.50435],[137.8681,35.50505],[137.86859,35.50585],[137.86904,35.50665],[137.86942,35.50749],[137.86937,35.50837],[137.86838,35.50854],[137.86727,35.50861],[137.86645,35.50887],[137.86648,35.50976],[137.86651,35.51066],[137.8667,35.51154],[137.86722,35.51233],[137.86774,35.51313],[137.86823,35.51393],[137.86872,35.51474],[137.86955,35.51527],[137.87063,35.51545],[137.87171,35.51563],[137.87242,35.51627],[137.87297,35.51705],[137.87354,35.51782],[137.87411,35.51859],[137.87468,35.51936],[137.87528,35.52011],[137.8759,35.52086],[137.8765,35.52161],[137.8771,35.52237],[137.87765,35.52315],[137.87822,35.52392],[137.87878,35.52469],[137.87947,35.5254],[137.88029,35.52599],[137.8808,35.52678],[137.88162,35.52665],[137.88253,35.52615],[137.88341,35.5256],[137.88446,35.52535],[137.88496,35.52489],[137.88463,35.52403],[137.88419,35.5232],[137.88383,35.52235],[137.8832,35.52163],[137.88248,35.52095],[137.88175,35.52026],[137.88103,35.51959],[137.88022,35.51898],[137.87926,35.51854],[137.8783,35.5181],[137.87742,35.51756],[137.87684,35.51761],[137.87655,35.51846],[137.87607,35.51926],[137.87517,35.51978],[137.87422,35.52024],[137.87327,35.52069],[137.87232,35.52115],[137.87143,35.52168],[137.87053,35.5222],[137.86964,35.52273],[137.86875,35.52327],[137.86786,35.5238],[137.86697,35.52433],[137.86611,35.5249],[137.86528,35.5255],[137.86445,35.52609],[137.86361,35.52667],[137.86277,35.52726],[137.86194,35.52785],[137.86111,35.52844],[137.86028,35.52904],[137.85944,35.52962],[137.85907,35.53015],[137.86011,35.53046],[137.86114,35.53076],[137.86218,35.53107],[137.86319,35.53144],[137.86409,35.53195],[137.86485,35.53261],[137.86542,35.53335],[137.86445,35.53378],[137.86353,35.53428],[137.8626,35.53475],[137.86271,35.53524],[137.86378,35.53546],[137.86383,35.53611],[137.86378,35.53622],[137.86392,35.53549],[137.86285,35.53527],[137.8619,35.53483],[137.86099,35.53431],[137.86005,35.53384],[137.85911,35.53337],[137.85851,35.53264],[137.858,35.53184],[137.85748,35.53105],[137.85695,35.53026],[137.85643,35.52946],[137.85593,35.52876],[137.85535,35.52799],[137.85476,35.52723],[137.85415,35.52648],[137.85353,35.52574],[137.85291,35.52499],[137.85237,35.52421],[137.85203,35.52335],[137.85145,35.52292],[137.85126,35.52332],[137.85209,35.52349],[137.85243,35.52435],[137.85301,35.52511],[137.85191,35.52507],[137.8508,35.52502],[137.84979,35.52484],[137.84912,35.52413],[137.84841,35.52347],[137.84778,35.52273],[137.84705,35.52206],[137.84633,35.52138],[137.84566,35.52069],[137.84531,35.51984],[137.84502,35.51899],[137.84485,35.5181],[137.84482,35.5172],[137.84398,35.51685],[137.84289,35.51701],[137.84181,35.51717],[137.84072,35.51733],[137.83963,35.51748],[137.83854,35.51763],[137.83745,35.5178],[137.83635,35.51787],[137.83528,35.51776],[137.83421,35.51754],[137.83315,35.51771],[137.83213,35.51805],[137.8311,35.51837],[137.83007,35.51871],[137.82936,35.51853],[137.82881,35.51775],[137.82829,35.51696],[137.82776,35.51617],[137.82714,35.51542],[137.82654,35.51467],[137.82594,35.51391],[137.82503,35.51434],[137.82408,35.51481],[137.82314,35.51528],[137.82221,35.51576],[137.82128,35.51624],[137.82036,35.51674],[137.81944,35.51724],[137.81922,35.51782],[137.82004,35.51841],[137.8208,35.51848],[137.82075,35.51884]]}},{"type":"Feature","properties":{"id":"MinamishinshuShinnan1_3LA","name":"E0 阿島線","agency":"信南交通","verdict":"適","accuracy":"A","L":29,"trips":2,"batt":34,"charges":0,"etr":12.4974,"regen":2.0815,"ew":17.6597,"mg":0.056122},"geometry":{"type":"LineString","coordinates":[[137.81927,35.51733],[137.81955,35.5181],[137.82059,35.51825],[137.82105,35.51915],[137.82085,35.51854],[137.82122,35.51782],[137.82235,35.51718],[137.8235,35.51656],[137.82348,35.51576],[137.82274,35.51481],[137.82196,35.51388],[137.82122,35.51294],[137.82007,35.51231],[137.81871,35.51232],[137.81742,35.51272],[137.81613,35.51313],[137.81485,35.51354],[137.81392,35.51332],[137.81372,35.51221],[137.8131,35.51123],[137.81248,35.51023],[137.81196,35.50919],[137.81239,35.50844],[137.81365,35.50797],[137.8149,35.50751],[137.8162,35.50713],[137.81751,35.50677],[137.8188,35.50636],[137.82008,35.50596],[137.82142,35.50567],[137.82278,35.50568],[137.82415,35.50579],[137.82553,35.50584],[137.8266,35.50566],[137.82631,35.50456],[137.82607,35.50346],[137.82592,35.50235],[137.82718,35.50218],[137.82856,35.50224],[137.82993,35.50229],[137.83131,35.50242],[137.83268,35.50254],[137.83405,35.5024],[137.83542,35.50231],[137.83676,35.50212],[137.83808,35.5018],[137.83869,35.50112],[137.83815,35.50029],[137.83706,35.49999],[137.83572,35.50023],[137.83471,35.50013],[137.83531,35.49949],[137.83466,35.49952],[137.83457,35.49845],[137.83595,35.49849],[137.8373,35.49868],[137.83844,35.49929],[137.83929,35.50017],[137.84008,35.5011],[137.84101,35.50193],[137.8421,35.50261],[137.84307,35.50338],[137.84281,35.50435],[137.84374,35.50511],[137.84418,35.50618],[137.84517,35.50653],[137.84651,35.50627],[137.84784,35.50596],[137.84914,35.5056],[137.85045,35.50524],[137.85176,35.50489],[137.85311,35.50464],[137.85445,35.50437],[137.85579,35.50409],[137.85711,35.50377],[137.85845,35.50348],[137.85975,35.50311],[137.86084,35.50245],[137.86139,35.50143],[137.86134,35.50031],[137.86058,35.49945],[137.85924,35.49973],[137.8591,35.49866],[137.85873,35.49761],[137.85777,35.4968],[137.85691,35.49592],[137.85607,35.49503],[137.85523,35.49413],[137.85508,35.49331],[137.85607,35.49261],[137.85521,35.49235],[137.85604,35.4927],[137.85495,35.49339],[137.85533,35.49423],[137.85617,35.49513],[137.857,35.49602],[137.85788,35.49689],[137.85883,35.49771],[137.85911,35.49879],[137.85939,35.49969],[137.86073,35.49948],[137.86138,35.50043],[137.86257,35.50047],[137.86374,35.50055],[137.86421,35.5016],[137.86483,35.50259],[137.86543,35.50358],[137.8663,35.50365],[137.86739,35.50434],[137.86819,35.50523],[137.8689,35.50619],[137.86935,35.50724],[137.86938,35.50835],[137.86813,35.50856],[137.86675,35.50864],[137.86647,35.50952],[137.86651,35.51064],[137.8668,35.51172],[137.86747,35.51271],[137.8681,35.51371],[137.8687,35.51472],[137.86979,35.51531],[137.87114,35.51555],[137.87231,35.51604],[137.87296,35.51703],[137.87367,35.51799],[137.87438,35.51895],[137.87511,35.51991],[137.87589,35.52084],[137.87663,35.52178],[137.87736,35.52274],[137.87806,35.52371],[137.87877,35.52467],[137.87965,35.52553],[137.88058,35.52634],[137.88135,35.52678],[137.88251,35.52616],[137.88362,35.5255],[137.88497,35.52527],[137.88474,35.52426],[137.8842,35.52323],[137.88373,35.52217],[137.88286,35.5213],[137.88195,35.52045],[137.88105,35.5196],[137.88001,35.51887],[137.8788,35.51834],[137.87766,35.51771],[137.87684,35.51758],[137.87646,35.51865],[137.87565,35.51951],[137.87449,35.52011],[137.87329,35.52067],[137.87212,35.52127],[137.87101,35.52193],[137.86988,35.52259],[137.86877,35.52326],[137.86766,35.52392],[137.86655,35.52459],[137.86551,35.52533],[137.86447,35.52607],[137.86342,35.5268],[137.86238,35.52754],[137.86134,35.52828],[137.8603,35.52902],[137.85926,35.52976],[137.85956,35.53029],[137.86086,35.53068],[137.86216,35.53106],[137.8634,35.53155],[137.86447,35.53225],[137.8653,35.53314],[137.86448,35.53376],[137.86332,35.53438],[137.8622,35.53501],[137.86348,35.5354],[137.86384,35.53608],[137.86386,35.53603],[137.86341,35.53539],[137.86214,35.53498],[137.86102,35.53433],[137.85984,35.53374],[137.85875,35.53307],[137.85814,35.53206],[137.85749,35.53107],[137.85684,35.53008],[137.85628,35.52913],[137.85551,35.5282],[137.85477,35.52725],[137.85401,35.52632],[137.85324,35.52538],[137.85249,35.52444],[137.85204,35.52338],[137.85137,35.52276],[137.85164,35.5234],[137.85232,35.52411],[137.85299,35.52509],[137.85166,35.52506],[137.85028,35.52499],[137.84928,35.52434],[137.84844,35.52348],[137.84762,35.52258],[137.84673,35.52173],[137.84579,35.52092],[137.84532,35.51986],[137.845,35.51879],[137.8448,35.51768],[137.84428,35.51682],[137.84292,35.51701],[137.84156,35.51721],[137.8402,35.5174],[137.83884,35.51759],[137.83748,35.51779],[137.83611,35.51789],[137.83478,35.51762],[137.83344,35.51761],[137.83216,35.51804],[137.83087,35.51845],[137.82959,35.51888],[137.82897,35.51796],[137.82831,35.51698],[137.82762,35.51601],[137.82685,35.51507],[137.82611,35.51412],[137.82505,35.51432],[137.82387,35.51491],[137.8227,35.5155],[137.82153,35.5161],[137.82038,35.51672],[137.81923,35.51735],[137.81958,35.51812],[137.82062,35.51828],[137.8209,35.51901]]}},{"type":"Feature","properties":{"id":"MinamishinshuShinnan1_3R","name":"E0 阿島線","agency":"信南交通","verdict":"適","accuracy":"A","L":25.3,"trips":3,"batt":30,"charges":0,"etr":11.4883,"regen":2.1303,"ew":15.6892,"mg":0.061906},"geometry":{"type":"LineString","coordinates":[[137.81927,35.51733],[137.81935,35.51795],[137.82021,35.51843],[137.8209,35.51862],[137.82123,35.51927],[137.82211,35.51872],[137.82299,35.51818],[137.82392,35.5177],[137.82487,35.51724],[137.82582,35.51678],[137.82668,35.51622],[137.82746,35.51582],[137.82805,35.51658],[137.82858,35.51737],[137.82911,35.51816],[137.8296,35.51888],[137.83062,35.51853],[137.83165,35.5182],[137.83267,35.51787],[137.8337,35.51753],[137.83479,35.51762],[137.83584,35.5179],[137.83694,35.51784],[137.83804,35.51772],[137.83912,35.51755],[137.84021,35.5174],[137.8413,35.51724],[137.84238,35.51709],[137.84347,35.51693],[137.84456,35.51687],[137.8448,35.51768],[137.84496,35.51857],[137.84508,35.51946],[137.84552,35.52029],[137.84594,35.52111],[137.84673,35.52173],[137.84743,35.52243],[137.8481,35.52314],[137.84886,35.52376],[137.84945,35.52452],[137.85029,35.52499],[137.85139,35.52505],[137.8525,35.52511],[137.85269,35.52471],[137.85223,35.5239],[137.85163,35.5234],[137.85121,35.52279],[137.85153,35.52342],[137.85221,35.52381],[137.85263,35.52464],[137.85324,35.52539],[137.85386,35.52613],[137.85447,35.52688],[137.85508,35.52763],[137.85565,35.5284],[137.85628,35.52914],[137.85671,35.52989],[137.85723,35.53068],[137.85776,35.53147],[137.85827,35.53227],[137.85876,35.53307],[137.85961,35.53362],[137.86055,35.53409],[137.86148,35.53459],[137.86235,35.53488],[137.86328,35.5344],[137.86421,35.53391],[137.86515,35.53344],[137.86503,35.5328],[137.86431,35.53211],[137.86344,35.53157],[137.86246,35.53116],[137.86142,35.53084],[137.86038,35.53054],[137.85934,35.53023],[137.85922,35.52978],[137.86006,35.52919],[137.86089,35.5286],[137.86172,35.52801],[137.86255,35.52741],[137.86339,35.52682],[137.86423,35.52624],[137.86507,35.52566],[137.86589,35.52505],[137.86673,35.52448],[137.86762,35.52394],[137.86852,35.52341],[137.8694,35.52287],[137.87029,35.52234],[137.87119,35.52182],[137.87209,35.52129],[137.87301,35.5208],[137.87397,35.52036],[137.87492,35.5199],[137.87582,35.51938],[137.87644,35.51868],[137.87684,35.51784],[137.87717,35.51742],[137.87805,35.51797],[137.879,35.51843],[137.87998,35.51885],[137.88084,35.51941],[137.88156,35.52009],[137.88228,35.52077],[137.88301,35.52145],[137.88371,35.52214],[137.88409,35.52298],[137.88452,35.52381],[137.88488,35.52466],[137.88475,35.52531],[137.88367,35.52549],[137.88277,35.526],[137.88187,35.52652],[137.88092,35.52699],[137.88047,35.52618],[137.87968,35.52555],[137.87894,35.52489],[137.87836,35.52413],[137.8778,35.52335],[137.87725,35.52258],[137.87666,35.52181],[137.87606,35.52106],[137.87544,35.52031],[137.87484,35.51956],[137.87426,35.51879],[137.87369,35.51802],[137.87312,35.51725],[137.87256,35.51648],[137.87197,35.51573],[137.87092,35.5155],[137.86984,35.51532],[137.86887,35.51494],[137.86836,35.51415],[137.86787,35.51334],[137.86736,35.51254],[137.86683,35.51176],[137.86652,35.5109],[137.86649,35.51],[137.86646,35.5091],[137.86698,35.50863],[137.86808,35.50856],[137.86919,35.50849],[137.86946,35.50772],[137.86915,35.50687],[137.86877,35.50604],[137.86821,35.50527],[137.86763,35.50451],[137.86676,35.50396],[137.86589,35.50371],[137.86538,35.50339],[137.86486,35.50262],[137.86434,35.50184],[137.86393,35.50101],[137.86344,35.50038],[137.86234,35.5005],[137.86142,35.50074],[137.86134,35.50163],[137.86085,35.50244],[137.86001,35.50301],[137.85899,35.50334],[137.85793,35.5036],[137.85686,35.50382],[137.8558,35.50408],[137.85474,35.50432],[137.85366,35.50453],[137.85258,35.50473],[137.85152,35.50496],[137.85047,35.50524],[137.84942,35.50553],[137.84838,35.50582],[137.84732,35.50608],[137.84626,35.50633],[137.84518,35.50653],[137.84428,35.5064],[137.84392,35.50555],[137.84351,35.50472],[137.84271,35.50415],[137.84325,35.50343],[137.84308,35.50279],[137.84215,35.5023],[137.84126,35.50177],[137.84041,35.5012],[137.8397,35.50051],[137.83905,35.49978],[137.83834,35.4991],[137.83741,35.49863],[137.83633,35.49843],[137.83523,35.49837],[137.83456,35.49864],[137.83466,35.49953],[137.83521,35.49921],[137.83467,35.49969],[137.83496,35.50044],[137.836,35.50017],[137.83707,35.49999],[137.8379,35.50034],[137.83855,35.5007],[137.83882,35.50157],[137.8378,35.50186],[137.83675,35.50213],[137.83568,35.50231],[137.83458,35.50234],[137.83348,35.50246],[137.83239,35.50254],[137.83129,35.50242],[137.83019,35.50231],[137.82909,35.50226],[137.82799,35.50223],[137.82689,35.50213],[137.82591,35.50236],[137.82603,35.50325],[137.82621,35.50414],[137.82643,35.50502],[137.82662,35.50587],[137.82552,35.50584],[137.82441,35.5058],[137.82331,35.50574],[137.82222,35.50561],[137.82113,35.50572],[137.82007,35.50596],[137.81904,35.50629],[137.81801,35.50662],[137.81698,35.50693],[137.81592,35.5072],[137.81489,35.50751],[137.81388,35.50788],[137.81288,35.50826],[137.81187,35.50864],[137.81207,35.50941],[137.81249,35.51024],[137.81296,35.51105],[137.81358,35.51179],[137.8138,35.51267],[137.81397,35.51356],[137.81486,35.51353],[137.81589,35.51321],[137.81692,35.51288],[137.81795,35.51255],[137.819,35.51227],[137.82009,35.51232],[137.82102,35.5128],[137.82169,35.51351],[137.82228,35.51426],[137.82289,35.51501],[137.82349,35.51577],[137.82359,35.51642],[137.82266,35.51692],[137.82175,35.51742],[137.82084,35.51794],[137.8209,35.51862],[137.82123,35.51927],[137.82085,35.51854],[137.82022,35.5178],[137.81958,35.51715],[137.81936,35.51728]]}},{"type":"Feature","properties":{"id":"MinamishinshuShinnan1_3RA","name":"E0 阿島線","agency":"信南交通","verdict":"適","accuracy":"A","L":28.8,"trips":2,"batt":33,"charges":0,"etr":12.555,"regen":2.1589,"ew":17.5836,"mg":0.061938},"geometry":{"type":"LineString","coordinates":[[137.81927,35.51733],[137.81955,35.5181],[137.82059,35.51825],[137.82105,35.51915],[137.82211,35.51872],[137.82321,35.51805],[137.8244,35.51747],[137.82558,35.5169],[137.82668,35.51622],[137.82762,35.51601],[137.82831,35.51698],[137.82897,35.51797],[137.8296,35.51888],[137.83088,35.51844],[137.83216,35.51804],[137.83344,35.51761],[137.83479,35.51762],[137.83611,35.51789],[137.83749,35.51779],[137.83885,35.51758],[137.84021,35.5174],[137.84157,35.5172],[137.84293,35.51701],[137.84429,35.51682],[137.8448,35.51768],[137.845,35.51879],[137.84532,35.51987],[137.84579,35.52092],[137.84673,35.52173],[137.84762,35.52259],[137.84844,35.52348],[137.84929,35.52434],[137.85029,35.52499],[137.85167,35.52506],[137.85299,35.52509],[137.85232,35.52411],[137.85163,35.5234],[137.8512,35.52298],[137.85204,35.52338],[137.85249,35.52444],[137.85324,35.52539],[137.85401,35.52632],[137.85478,35.52726],[137.85551,35.52821],[137.85628,35.52914],[137.85684,35.53009],[137.8575,35.53107],[137.85814,35.53207],[137.85876,35.53307],[137.85985,35.53374],[137.86102,35.53433],[137.86215,35.53498],[137.86342,35.53539],[137.86386,35.53603],[137.86384,35.53608],[137.86347,35.5354],[137.8622,35.53501],[137.86333,35.53438],[137.86448,35.53376],[137.8653,35.53314],[137.86447,35.53224],[137.86339,35.53154],[137.86215,35.53106],[137.86085,35.53068],[137.85955,35.53029],[137.85926,35.52975],[137.86031,35.52902],[137.86134,35.52827],[137.86238,35.52753],[137.86343,35.5268],[137.86448,35.52607],[137.86551,35.52532],[137.86656,35.52459],[137.86767,35.52392],[137.86878,35.52325],[137.86989,35.52258],[137.87101,35.52193],[137.87213,35.52127],[137.8733,35.52067],[137.87449,35.52011],[137.87566,35.5195],[137.87646,35.51864],[137.87684,35.51758],[137.87766,35.51772],[137.8788,35.51834],[137.88002,35.51887],[137.88105,35.51961],[137.88196,35.52046],[137.88286,35.52131],[137.88374,35.52218],[137.8842,35.52323],[137.88475,35.52427],[137.88497,35.52527],[137.88362,35.5255],[137.8825,35.52616],[137.88135,35.52678],[137.88057,35.52634],[137.87964,35.52553],[137.87876,35.52467],[137.87806,35.5237],[137.87736,35.52273],[137.87663,35.52178],[137.87588,35.52083],[137.8751,35.5199],[137.87438,35.51895],[137.87366,35.51798],[137.87295,35.51702],[137.87231,35.51603],[137.87114,35.51555],[137.86979,35.51531],[137.8687,35.51471],[137.86809,35.5137],[137.86747,35.5127],[137.8668,35.51172],[137.86651,35.51063],[137.86647,35.50951],[137.86676,35.50864],[137.86814,35.50856],[137.86938,35.50834],[137.86935,35.50724],[137.8689,35.50618],[137.86819,35.50523],[137.86738,35.50434],[137.86629,35.50365],[137.86543,35.50357],[137.86483,35.50258],[137.8642,35.5016],[137.86374,35.50054],[137.86256,35.50047],[137.86138,35.50043],[137.86072,35.49948],[137.85939,35.4997],[137.85911,35.49878],[137.85882,35.4977],[137.85787,35.49688],[137.857,35.49602],[137.85616,35.49512],[137.85532,35.49423],[137.85496,35.49339],[137.85605,35.49269],[137.85523,35.49225],[137.85608,35.49262],[137.85507,35.49332],[137.85524,35.49414],[137.85608,35.49503],[137.85692,35.49593],[137.85778,35.4968],[137.85873,35.49762],[137.8591,35.49867],[137.85925,35.49973],[137.86059,35.49945],[137.86135,35.50032],[137.86139,35.50143],[137.86084,35.50245],[137.85974,35.50311],[137.85844,35.50348],[137.8571,35.50377],[137.85578,35.50409],[137.85444,35.50437],[137.8531,35.50464],[137.85176,35.50489],[137.85045,35.50525],[137.84914,35.5056],[137.84783,35.50596],[137.8465,35.50627],[137.84516,35.50653],[137.84418,35.50617],[137.84374,35.5051],[137.84285,35.50431],[137.84327,35.50342],[137.84283,35.50265],[137.84168,35.50203],[137.84059,35.50134],[137.83968,35.5005],[137.83887,35.49959],[137.83787,35.49882],[137.83658,35.49845],[137.83521,35.49837],[137.83461,35.49888],[137.83522,35.49951],[137.83472,35.49954],[137.83498,35.50044],[137.83629,35.50009],[137.83764,35.50003],[137.83848,35.5005],[137.83881,35.50159],[137.83751,35.50193],[137.83621,35.50229],[137.83483,35.50231],[137.83346,35.50246],[137.83209,35.5025],[137.83072,35.50236],[137.82934,35.50227],[137.82796,35.50223],[137.8266,35.50211],[137.82595,35.50282],[137.82616,35.50394],[137.82644,35.50504],[137.82632,35.50586],[137.82494,35.50583],[137.82356,35.50576],[137.8222,35.50561],[137.82084,35.50577],[137.81953,35.50613],[137.81825,35.50654],[137.81695,35.50694],[137.81564,35.50727],[137.81436,35.50771],[137.81311,35.50817],[137.81185,35.50864],[137.81218,35.50963],[137.8127,35.51067],[137.81346,35.51161],[137.81381,35.51269],[137.81409,35.51372],[137.8154,35.51336],[137.81669,35.51296],[137.81797,35.51254],[137.8193,35.51226],[137.82058,35.51256],[137.82156,35.51333],[137.8223,35.51428],[137.82304,35.51522],[137.82382,35.51615],[137.82287,35.5168],[137.82173,35.51744],[137.82064,35.51811],[137.82089,35.519],[137.82097,35.51872],[137.82021,35.51778],[137.81934,35.51729]]}},{"type":"Feature","properties":{"id":"MinamishinshuShinnan1_7","name":"E1 遠山郷線","agency":"信南交通","verdict":"条件付き","accuracy":"A","L":47.5,"trips":10,"batt":74,"charges":4,"etr":39.3067,"regen":12.1569,"ew":39.0373,"mg":0.12},"geometry":{"type":"LineString","coordinates":[[137.93456,35.32116],[137.93538,35.32282],[137.93609,35.32451],[137.93734,35.32598],[137.93917,35.32664],[137.94123,35.32605],[137.94331,35.32649],[137.94521,35.3271],[137.94593,35.32546],[137.94801,35.32561],[137.94999,35.32592],[137.95155,35.32654],[137.95118,35.32795],[137.95201,35.32952],[137.95352,35.33081],[137.95485,35.33222],[137.95513,35.33394],[137.95399,35.33539],[137.95219,35.33639],[137.95078,35.33768],[137.95031,35.33905],[137.95194,35.33933],[137.95348,35.34024],[137.95336,35.34175],[137.95216,35.34323],[137.95197,35.34499],[137.95319,35.34647],[137.95477,35.3477],[137.9559,35.34923],[137.95596,35.35102],[137.9566,35.35272],[137.95739,35.3544],[137.95814,35.35609],[137.95893,35.35776],[137.95947,35.35942],[137.95886,35.36104],[137.95963,35.36272],[137.9606,35.36433],[137.96042,35.36612],[137.96131,35.36772],[137.96242,35.36927],[137.96412,35.37033],[137.9641,35.37207],[137.96466,35.37376],[137.96518,35.37549],[137.96595,35.37717],[137.96657,35.3789],[137.96739,35.38055],[137.96802,35.38227],[137.96836,35.38404],[137.97014,35.38507],[137.97093,35.38664],[137.96988,35.3882],[137.97077,35.38981],[137.97097,35.3915],[137.96985,35.39285],[137.96877,35.39425],[137.96983,35.39559],[137.9713,35.39675],[137.97208,35.39827],[137.97115,35.39986],[137.97248,35.40117],[137.97313,35.40289],[137.97363,35.4046],[137.97409,35.40635],[137.97472,35.40807],[137.97533,35.4098],[137.97592,35.4115],[137.97617,35.41328],[137.97566,35.41501],[137.97552,35.41677],[137.97708,35.41796],[137.9792,35.41847],[137.98027,35.41989],[137.98083,35.42158],[137.98182,35.42314],[137.98346,35.42426],[137.98338,35.42599],[137.98488,35.42725],[137.98654,35.42838],[137.9875,35.42993],[137.9877,35.43158],[137.98885,35.43301],[137.98837,35.43455],[137.98989,35.43583],[137.99052,35.43755],[137.9916,35.43909],[137.99151,35.44083],[137.99089,35.44254],[137.98987,35.44413],[137.9883,35.44538],[137.98632,35.44616],[137.98415,35.44648],[137.98197,35.44676],[137.97979,35.44704],[137.97761,35.44732],[137.97543,35.4476],[137.97325,35.44789],[137.97107,35.44817],[137.96889,35.44845],[137.96671,35.44873],[137.96453,35.44901],[137.96235,35.44929],[137.96017,35.44958],[137.95799,35.44987],[137.95581,35.45016],[137.95363,35.45045],[137.95145,35.45074],[137.94927,35.45103],[137.94709,35.45132],[137.9449,35.45156],[137.94271,35.45179],[137.9406,35.45182],[137.94226,35.45146],[137.94242,35.45214],[137.94025,35.45194],[137.93868,35.45098],[137.93678,35.4518],[137.93506,35.45072],[137.93341,35.45016],[137.93146,35.45064],[137.93152,35.45223],[137.93082,35.45383],[137.92908,35.45488],[137.9285,35.45492],[137.9286,35.45442],[137.9272,35.45576],[137.92704,35.45752],[137.92553,35.45874],[137.92487,35.46043],[137.92321,35.46144],[137.92362,35.46316],[137.92274,35.46469],[137.9224,35.46637],[137.92158,35.46798],[137.91952,35.46848],[137.91877,35.47014],[137.9179,35.47174],[137.91751,35.47344],[137.91656,35.47497],[137.91566,35.47647],[137.91553,35.47815],[137.91379,35.4792],[137.91181,35.47993],[137.91043,35.48123],[137.90901,35.4826],[137.90756,35.4826],[137.90597,35.48347],[137.90492,35.48497],[137.90317,35.48606],[137.90275,35.48748],[137.90072,35.48682],[137.90064,35.48514],[137.89977,35.48355],[137.89794,35.48287],[137.89608,35.48351],[137.8953,35.48492],[137.89318,35.48506],[137.89132,35.48416],[137.88933,35.48406],[137.88769,35.485],[137.88627,35.48536],[137.88678,35.48703],[137.88558,35.4885],[137.88372,35.48945],[137.88158,35.48963],[137.87938,35.48971],[137.87731,35.49028],[137.87517,35.49069],[137.87342,35.49178],[137.87143,35.49247],[137.86942,35.49311],[137.86727,35.49283],[137.86612,35.49382],[137.86542,35.49551],[137.86689,35.49634],[137.8649,35.49659],[137.86297,35.49649],[137.86299,35.49821],[137.86363,35.49992],[137.86203,35.50054],[137.86123,35.50188],[137.85972,35.50312],[137.85762,35.50367],[137.85549,35.50416],[137.85335,35.50459],[137.85121,35.50504],[137.84912,35.50561],[137.84701,35.50615],[137.84486,35.50657],[137.84382,35.5053],[137.84272,35.50389],[137.84281,35.50265],[137.841,35.50162],[137.83951,35.5003],[137.83809,35.49894],[137.83601,35.4984],[137.83461,35.4989],[137.83503,35.49934],[137.83527,35.50038],[137.8374,35.49998],[137.83864,35.50095],[137.83749,35.50193],[137.83536,35.50231],[137.83317,35.50249],[137.83097,35.50239],[137.82877,35.50225],[137.82658,35.50211],[137.82608,35.50351],[137.8265,35.50527],[137.82731,35.50673],[137.82948,35.50707],[137.83166,35.50698],[137.83374,35.5067],[137.83468,35.50833],[137.83506,35.51009],[137.83536,35.51181],[137.83347,35.51274],[137.83156,35.51365],[137.82967,35.51458],[137.82778,35.51551],[137.82643,35.51452],[137.82485,35.51443],[137.82297,35.51537],[137.82111,35.51633],[137.81926,35.51733],[137.82022,35.51843],[137.82123,35.51927],[137.82295,35.52021],[137.82456,35.5195],[137.82641,35.51852],[137.82843,35.5178],[137.82965,35.51886],[137.8317,35.51819],[137.83375,35.51752],[137.83589,35.5179],[137.83809,35.51771],[137.84026,35.5174],[137.84189,35.51716]]}},{"type":"Feature","properties":{"id":"MinamishinshuShinnan1_98","name":"E1 遠山郷線","agency":"信南交通","verdict":"条件付き","accuracy":"A","L":40.7,"trips":1,"batt":68,"charges":0,"etr":37.9136,"regen":12.228,"ew":35.8669,"mg":0.12},"geometry":{"type":"LineString","coordinates":[[137.93456,35.32116],[137.93489,35.32251],[137.93331,35.3234],[137.93194,35.32273],[137.93046,35.32172],[137.92998,35.32146],[137.93151,35.3224],[137.93287,35.32352],[137.93397,35.3248],[137.93453,35.3263],[137.93528,35.32774],[137.93699,35.32835],[137.9389,35.32856],[137.94074,35.32903],[137.94252,35.32962],[137.94409,35.33053],[137.94549,35.33161],[137.94689,35.33269],[137.9483,35.33377],[137.94965,35.33488],[137.95072,35.3362],[137.95172,35.33754],[137.95261,35.33893],[137.95356,35.34031],[137.95346,35.34166],[137.95229,35.3429],[137.95186,35.34443],[137.95256,35.34587],[137.95396,35.34693],[137.95514,35.34817],[137.95596,35.34956],[137.95597,35.35113],[137.95653,35.35261],[137.95727,35.35407],[137.95791,35.35555],[137.95849,35.35705],[137.95944,35.35841],[137.95911,35.35988],[137.95898,35.36136],[137.95969,35.36281],[137.96057,35.36421],[137.96046,35.36577],[137.96092,35.36725],[137.96195,35.36857],[137.9632,35.36969],[137.96435,35.37086],[137.96406,35.3724],[137.96467,35.37386],[137.96514,35.37538],[137.96578,35.37686],[137.96643,35.37834],[137.96697,35.37984],[137.96774,35.38128],[137.96811,35.38282],[137.96864,35.38427],[137.97024,35.38514],[137.97095,35.38653],[137.96999,35.38787],[137.97053,35.38929],[137.9706,35.39078],[137.97081,35.39226],[137.96925,35.3931],[137.96875,35.39458],[137.96991,35.39567],[137.97116,35.3967],[137.97215,35.39793],[137.97135,35.39932],[137.97177,35.40064],[137.97278,35.40191],[137.97313,35.40344],[137.9737,35.40492],[137.97413,35.40645],[137.97467,35.40796],[137.97526,35.40946],[137.97565,35.41097],[137.97607,35.4125],[137.97607,35.41405],[137.97553,35.41556],[137.97569,35.41707],[137.9772,35.41799],[137.97906,35.41843],[137.98014,35.41956],[137.9807,35.42103],[137.98126,35.42252],[137.98268,35.42349],[137.9836,35.42481],[137.98357,35.42628],[137.98496,35.42733],[137.98642,35.42831],[137.98746,35.42959],[137.98729,35.43113],[137.98858,35.43229],[137.98828,35.43363],[137.98878,35.43499],[137.99008,35.43613],[137.99056,35.43765],[137.99155,35.43898],[137.99164,35.44051],[137.99117,35.44201],[137.99037,35.44345],[137.98925,35.44472],[137.98773,35.44568],[137.98593,35.44624],[137.98403,35.4465],[137.98212,35.44674],[137.98021,35.44699],[137.9783,35.44723],[137.97639,35.44748],[137.97448,35.44773],[137.97258,35.44797],[137.97067,35.44822],[137.96876,35.44846],[137.96685,35.44871],[137.96494,35.44896],[137.96304,35.4492],[137.96113,35.44945],[137.95922,35.44971],[137.95732,35.44996],[137.95541,35.45022],[137.9535,35.45047],[137.9516,35.45072],[137.94969,35.45098],[137.94778,35.45123],[137.94587,35.45146],[137.94395,35.45166],[137.94204,35.45187],[137.94059,35.45151],[137.94238,35.45149],[137.94256,35.45213],[137.94066,35.45201],[137.93935,35.45101],[137.93763,35.4515],[137.93597,35.45141],[137.93467,35.45027],[137.93301,35.45013],[137.93138,35.45072],[137.93143,35.45214],[137.93102,35.45352],[137.92967,35.45458],[137.92819,35.45553],[137.92918,35.45438],[137.92819,35.45486],[137.92729,35.45608],[137.92697,35.45761],[137.92558,35.45863],[137.92506,35.46013],[137.92384,35.46126],[137.92327,35.46242],[137.92322,35.4638],[137.92283,35.46522],[137.92242,35.46669],[137.92147,35.46804],[137.91962,35.46839],[137.91887,35.4698],[137.91808,35.47119],[137.91784,35.47273],[137.91684,35.47398],[137.91611,35.47538],[137.91577,35.47679],[137.9154,35.47817],[137.91391,35.47913],[137.91219,35.4798],[137.91102,35.48094],[137.90966,35.48201],[137.90828,35.4831],[137.90691,35.48254],[137.90574,35.48375],[137.90482,35.48504],[137.90328,35.48597],[137.90308,35.48728],[137.90136,35.48703],[137.90044,35.48591],[137.90027,35.48449],[137.89922,35.48325],[137.8976,35.48305],[137.89597,35.48356],[137.8953,35.4848],[137.8936,35.48507],[137.89184,35.48453],[137.89023,35.48379],[137.88861,35.48456],[137.88702,35.48496],[137.88644,35.48565],[137.88676,35.48713],[137.88569,35.48842],[137.88411,35.48931],[137.88227,35.4897],[137.88035,35.48964],[137.87846,35.48989],[137.87666,35.49043],[137.87484,35.49088],[137.87331,35.49183],[137.87158,35.49246],[137.86984,35.49303],[137.86794,35.49297],[137.86633,35.49304],[137.86585,35.49456],[137.86576,35.49592],[137.8666,35.49656],[137.86477,35.49656],[137.86304,35.49638],[137.863,35.4979],[137.86353,35.49936],[137.86299,35.50043],[137.86142,35.50088],[137.86091,35.50237],[137.85935,35.50324],[137.8575,35.50369],[137.85564,35.50412],[137.85376,35.50451],[137.85188,35.50487],[137.85004,35.50536],[137.84821,35.50586],[137.84636,35.5063],[137.84446,35.50661],[137.84256,35.50688],[137.84067,35.50722],[137.83878,35.50753],[137.83831,35.50893],[137.83767,35.51042],[137.83622,35.51141],[137.83455,35.51221],[137.83289,35.51301],[137.83122,35.51381],[137.82957,35.51463],[137.82792,35.51544],[137.82666,35.51483],[137.82545,35.51412],[137.82381,35.51494],[137.82217,35.51578],[137.82055,35.51664],[137.81894,35.51751],[137.82029,35.51836],[137.82077,35.51888]]}},{"type":"Feature","properties":{"id":"Minamishinshutakagi1_75","name":"E3 喬木村民バス　喬木大島線　せせらぎ","agency":"喬木村","verdict":"適","accuracy":"A","L":20.7,"trips":14,"batt":17,"charges":1,"etr":8.3547,"regen":4.812,"ew":8.7177,"mg":0.087705},"geometry":{"type":"LineString","coordinates":[[137.9458,35.49821],[137.94516,35.49816],[137.94458,35.4986],[137.94384,35.49854],[137.94305,35.49847],[137.9424,35.49888],[137.94169,35.49877],[137.94098,35.49885],[137.94032,35.49926],[137.9398,35.49972],[137.93902,35.49954],[137.93823,35.49964],[137.93744,35.4998],[137.93671,35.50008],[137.93591,35.5],[137.93516,35.49973],[137.93434,35.49977],[137.93363,35.49994],[137.93286,35.49978],[137.93209,35.49971],[137.93138,35.49947],[137.93064,35.49934],[137.93012,35.49975],[137.92975,35.49944],[137.92895,35.49934],[137.92833,35.4993],[137.92764,35.49943],[137.92692,35.49912],[137.92651,35.49853],[137.92613,35.49794],[137.92538,35.4977],[137.92457,35.49758],[137.92381,35.49769],[137.92306,35.49767],[137.92241,35.49727],[137.92189,35.49674],[137.92112,35.49655],[137.92035,35.49634],[137.92014,35.496],[137.91957,35.49558],[137.9192,35.49502],[137.91838,35.49501],[137.91756,35.49513],[137.91698,35.49557],[137.91662,35.49617],[137.9166,35.49685],[137.91641,35.49749],[137.91595,35.49801],[137.91572,35.4986],[137.91522,35.49913],[137.91498,35.49977],[137.91445,35.50028],[137.9137,35.50042],[137.91289,35.50034],[137.91216,35.50058],[137.91175,35.50117],[137.91135,35.50176],[137.91084,35.50226],[137.91056,35.50288],[137.90986,35.50323],[137.90904,35.50331],[137.9086,35.50384],[137.90858,35.50451],[137.90826,35.50509],[137.90752,35.50501],[137.90678,35.50508],[137.90617,35.50467],[137.90568,35.50495],[137.90614,35.50549],[137.90575,35.50597],[137.90516,35.50643],[137.90473,35.50679],[137.90396,35.50684],[137.90323,35.50694],[137.90249,35.50698],[137.90178,35.50709],[137.90165,35.50771],[137.90102,35.50814],[137.90075,35.50876],[137.90047,35.50925],[137.90048,35.5086],[137.90016,35.50902],[137.89985,35.50963],[137.89914,35.50988],[137.89858,35.51024],[137.89777,35.51025],[137.89697,35.51037],[137.89663,35.51087],[137.89602,35.51132],[137.89538,35.51175],[137.89474,35.51218],[137.89416,35.51266],[137.89348,35.51305],[137.89279,35.51342],[137.89208,35.51377],[137.89131,35.51399],[137.8906,35.51413],[137.88981,35.51392],[137.88901,35.51375],[137.88841,35.51407],[137.8878,35.51452],[137.88722,35.515],[137.88655,35.51539],[137.88592,35.51583],[137.8855,35.5153],[137.88508,35.51472],[137.88456,35.51461],[137.88472,35.51463],[137.88411,35.51491],[137.88342,35.51528],[137.88344,35.51583],[137.88383,35.51643],[137.88409,35.51679],[137.8836,35.51718],[137.88289,35.51753],[137.88218,35.51787],[137.88228,35.5183],[137.88299,35.51863],[137.88372,35.51845],[137.88416,35.51789],[137.88429,35.51809],[137.88383,35.51865],[137.88388,35.51919],[137.88446,35.51873],[137.88497,35.51864],[137.88471,35.51927],[137.88405,35.51967],[137.88345,35.52012],[137.88275,35.52048],[137.88203,35.5208],[137.8813,35.52112],[137.88054,35.52138],[137.87978,35.52164],[137.87901,35.52189],[137.87824,35.52214],[137.87747,35.52239],[137.87692,35.52214],[137.87647,35.52157],[137.87602,35.521],[137.87556,35.52045],[137.87509,35.51989],[137.87465,35.51932],[137.87422,35.51874],[137.87379,35.51816],[137.87381,35.51776],[137.87366,35.51798],[137.87323,35.5174],[137.87281,35.51682],[137.8724,35.51623],[137.8719,35.51573],[137.8711,35.51554],[137.8703,35.51539],[137.86948,35.51525],[137.86882,35.51488],[137.86844,35.51429],[137.86808,35.51368],[137.86771,35.51308],[137.86732,35.51248],[137.86692,35.51189],[137.86658,35.51128],[137.86651,35.51061],[137.86649,35.50993],[137.86646,35.50926],[137.86642,35.50858],[137.86631,35.50792],[137.86617,35.50725],[137.86603,35.50659],[137.86589,35.50592],[137.86576,35.50525],[137.86563,35.50459],[137.8655,35.50392],[137.86616,35.50356],[137.8668,35.50399],[137.86747,35.50439],[137.86799,35.50491],[137.86833,35.50552],[137.8688,35.50607],[137.86906,35.5067],[137.86939,35.50732],[137.86947,35.50799],[137.86928,35.50865],[137.86888,35.50923],[137.8688,35.5099],[137.86892,35.51056],[137.86942,35.51109],[137.86993,35.51162],[137.87015,35.51227],[137.87058,35.51284],[137.87112,35.51335],[137.87079,35.51371],[137.8703,35.51421],[137.86961,35.51449],[137.86879,35.51459],[137.86901,35.51507],[137.86977,35.5153],[137.87058,35.51544],[137.87139,35.5156],[137.87212,35.51585],[137.87253,35.51643],[137.87294,35.51701],[137.87337,35.51759],[137.8738,35.51812],[137.87377,35.5178],[137.87362,35.51793],[137.87319,35.51735],[137.87277,35.51677],[137.87238,35.51618],[137.87218,35.51565],[137.87276,35.51517],[137.87334,35.51469],[137.87388,35.51418],[137.87442,35.51367],[137.87494,35.51314],[137.87541,35.51258],[137.87606,35.51219],[137.8768,35.51189],[137.87755,35.51159],[137.87828,35.51127],[137.87887,35.51081],[137.87932,35.51024],[137.87977,35.50967],[137.88021,35.5091],[137.88066,35.50853],[137.88111,35.50797],[137.88156,35.5074],[137.882,35.50683],[137.88245,35.50626],[137.88289,35.50569],[137.88334,35.50513],[137.88382,35.50458],[137.88452,35.50423],[137.88534,35.50412],[137.88613,35.50394],[137.88681,35.50356],[137.88736,35.50312],[137.88737,35.50248],[137.88741,35.50182],[137.88782,35.50128],[137.88807,35.50175],[137.88831,35.50239],[137.88848,35.50304],[137.88824,35.50368],[137.8879,35.5043],[137.88768,35.50494],[137.88818,35.50544],[137.889,35.50549],[137.88983,35.50549],[137.89065,35.50554],[137.89143,35.50575],[137.89213,35.50611],[137.89277,35.50654],[137.893,35.50717],[137.8928,35.50783],[137.89259,35.50848],[137.89253,35.50915],[137.89267,35.50981],[137.89211,35.5103],[137.89159,35.51083],[137.89127,35.51145],[137.89077,35.51198],[137.89019,35.51246],[137.88957,35.51291],[137.88907,35.51344],[137.88854,35.51396],[137.88795,35.51443],[137.88735,35.5149],[137.8867,35.5153],[137.88606,35.51573],[137.88545,35.51619],[137.88479,35.51658],[137.88412,35.51683],[137.88374,35.51656],[137.88373,35.51628],[137.88338,35.51567],[137.8836,35.51519],[137.88427,35.5148],[137.88482,35.51479]]}},{"type":"Feature","properties":{"id":"Minamishinshutakagi1_76","name":"E4 喬木村民バス 氏乗線 そよかぜ","agency":"喬木村","verdict":"適","accuracy":"A","L":27.9,"trips":12,"batt":45,"charges":3,"etr":20.7442,"regen":4.0993,"ew":23.6324,"mg":0.099577},"geometry":{"type":"LineString","coordinates":[[137.81927,35.51733],[137.81955,35.5181],[137.82059,35.51825],[137.82105,35.51915],[137.82211,35.51872],[137.82321,35.51805],[137.8244,35.51747],[137.82558,35.5169],[137.82668,35.51622],[137.82775,35.51552],[137.82894,35.51494],[137.83011,35.51436],[137.8313,35.51378],[137.83248,35.5132],[137.83368,35.51263],[137.83486,35.51206],[137.83532,35.51122],[137.83506,35.51012],[137.8349,35.509],[137.83447,35.50795],[137.83388,35.50693],[137.83278,35.50681],[137.83142,35.50702],[137.83006,35.50715],[137.8287,35.50694],[137.82735,35.50674],[137.82667,35.50596],[137.82639,35.50486],[137.82612,35.50376],[137.82591,35.50264],[137.82682,35.50212],[137.82819,35.50223],[137.82957,35.50227],[137.83094,35.50238],[137.83231,35.50253],[137.83368,35.50244],[137.83505,35.5023],[137.83642,35.50224],[137.83773,35.50188],[137.83879,35.50141],[137.83842,35.50033],[137.83743,35.49998],[137.83608,35.50015],[137.83477,35.50042],[137.83495,35.49952],[137.835,35.49952],[137.8337,35.49985],[137.83265,35.49959],[137.83146,35.49994],[137.83084,35.49893],[137.83146,35.49837],[137.83284,35.49841],[137.83422,35.49844],[137.8356,35.49848],[137.83697,35.49859],[137.83819,35.49909],[137.83908,35.49994],[137.83987,35.50087],[137.84075,35.50173],[137.84181,35.50244],[137.8429,35.50314],[137.84265,35.5041],[137.84362,35.50484],[137.84407,35.5059],[137.84482,35.50657],[137.84617,35.50634],[137.8475,35.50604],[137.84881,35.50569],[137.85012,35.50534],[137.85143,35.50498],[137.85276,35.5047],[137.85411,35.50444],[137.85545,35.50417],[137.85677,35.50385],[137.85811,35.50356],[137.85942,35.50322],[137.86061,35.50267],[137.86131,35.50171],[137.86143,35.5006],[137.8628,35.50045],[137.8638,35.50073],[137.86431,35.50177],[137.86498,35.50273],[137.86547,35.50376],[137.86647,35.50377],[137.86757,35.50445],[137.86828,35.50541],[137.86896,35.50637],[137.86941,35.50742],[137.86928,35.50848],[137.8679,35.50857],[137.86652,35.50865],[137.86648,35.5097],[137.86652,35.51082],[137.86692,35.51189],[137.86758,35.51287],[137.8682,35.51388],[137.86882,35.51488],[137.87002,35.51535],[137.87137,35.51559],[137.87239,35.51621],[137.87307,35.51719],[137.87379,35.51813],[137.87378,35.51814],[137.8745,35.51911],[137.87533,35.51971],[137.8763,35.51895],[137.87681,35.51791],[137.87734,35.51751],[137.87845,35.51818],[137.87966,35.51871],[137.88078,35.51936],[137.88169,35.5202],[137.8817,35.52097],[137.88043,35.52142],[137.87915,35.52184],[137.87787,35.52225],[137.87686,35.52205],[137.87611,35.52111],[137.87534,35.52018],[137.87459,35.51923],[137.87388,35.51827],[137.87391,35.51802],[137.87317,35.51732],[137.87247,35.51634],[137.87241,35.51546],[137.87337,35.51465],[137.87427,35.5138],[137.87513,35.51292],[137.87611,35.51217],[137.87735,35.51167],[137.87854,35.51111],[137.87935,35.5102],[137.88009,35.50926],[137.88084,35.50831],[137.88158,35.50736],[137.88233,35.50642],[137.88307,35.50547],[137.88386,35.50455],[137.88512,35.50415],[137.88643,35.50382],[137.88741,35.5031],[137.88735,35.50199],[137.88813,35.50136],[137.88834,35.50243],[137.88833,35.50352],[137.88776,35.50454],[137.88823,35.50545],[137.88961,35.50549],[137.88894,35.50549],[137.88775,35.50511],[137.88803,35.50405],[137.88848,35.503],[137.88809,35.50193],[137.88833,35.50084],[137.88859,35.49975],[137.88889,35.49871],[137.88898,35.49765],[137.88937,35.4966],[137.88904,35.49552],[137.88774,35.49525],[137.88742,35.49417],[137.88689,35.49314],[137.88658,35.49209],[137.88665,35.49101],[137.88632,35.48995],[137.88661,35.48885],[137.88681,35.48774],[137.88677,35.48679],[137.88648,35.48576],[137.88603,35.48473],[137.88629,35.48363],[137.88701,35.48267],[137.88697,35.48272],[137.88628,35.48368],[137.88602,35.48479],[137.88712,35.48498],[137.8883,35.48483],[137.88931,35.48407],[137.89059,35.48386],[137.8917,35.48446],[137.89289,35.48501],[137.89426,35.48502],[137.89528,35.48472],[137.89556,35.48372],[137.89678,35.48327],[137.89791,35.48288],[137.89906,35.4832],[137.89998,35.48394],[137.90066,35.48489],[137.9004,35.48599],[137.90093,35.48692],[137.9022,35.48734],[137.90333,35.48705],[137.90316,35.48607],[137.90428,35.48543],[137.90531,35.48469],[137.9058,35.48368],[137.90654,35.48272],[137.9077,35.48277],[137.90855,35.48288],[137.90956,35.48212],[137.91042,35.48125],[137.91143,35.48055],[137.91228,35.47976],[137.91354,35.47933],[137.91466,35.4787],[137.91568,35.47802],[137.9158,35.47692],[137.91666,35.47662],[137.91679,35.47587],[137.91736,35.47487],[137.91808,35.47399],[137.91833,35.47303],[137.91824,35.47206],[137.91841,35.47096],[137.91928,35.47019],[137.9204,35.46959],[137.92162,35.46931],[137.92059,35.46876],[137.92136,35.46809],[137.92216,35.46721],[137.92239,35.46614],[137.92287,35.46511],[137.92271,35.46446]]}},{"type":"Feature","properties":{"id":"Minamishinshutakagi1_77","name":"E5 たかぎコミュニティバス　阿島線","agency":"喬木村","verdict":"適","accuracy":"A","L":5.8,"trips":6,"batt":7,"charges":0,"etr":2.0979,"regen":0.2286,"ew":3.4226,"mg":0.023265},"geometry":{"type":"LineString","coordinates":[[137.87396,35.51774],[137.87377,35.51782],[137.87391,35.51801],[137.87375,35.5181],[137.87361,35.51791],[137.87346,35.51771],[137.87332,35.51752],[137.87318,35.51733],[137.87304,35.51714],[137.8729,35.51694],[137.87276,35.51675],[137.87262,35.51655],[137.87248,35.51636],[137.87237,35.51615],[137.87224,35.51596],[137.87206,35.51579],[137.8722,35.51563],[137.8724,35.51547],[137.87259,35.51531],[137.87279,35.51515],[137.87298,35.51499],[137.87318,35.51483],[137.87336,35.51466],[137.87354,35.51449],[137.87372,35.51432],[137.8739,35.51415],[137.87408,35.51398],[137.87426,35.51381],[137.87446,35.51384],[137.87468,35.51398],[137.8749,35.51411],[137.87487,35.51427],[137.87509,35.51431],[137.87535,35.51423],[137.87557,35.51417],[137.8757,35.51436],[137.8758,35.51456],[137.87565,35.51475],[137.87558,35.51497],[137.87543,35.51515],[137.87543,35.51534],[137.87556,35.51554],[137.87574,35.5157],[137.87563,35.51587],[137.87546,35.51605],[137.87532,35.51625],[137.87544,35.51641],[137.87565,35.51655],[137.87586,35.5167],[137.87607,35.51684],[137.87629,35.51698],[137.87653,35.5171],[137.87676,35.51721],[137.87682,35.51739],[137.87684,35.51761],[137.87684,35.51784],[137.87675,35.51805],[137.87665,35.51826],[137.87655,35.51847],[137.87644,35.51868],[137.87634,35.51888],[137.87623,35.51909],[137.87606,35.51926],[137.87582,35.51938],[137.87562,35.51953],[137.8754,35.51967],[137.87517,35.51978],[137.87513,35.51993],[137.87528,35.52012],[137.87544,35.5203],[137.87559,35.52049],[137.87575,35.52067],[137.87591,35.52086],[137.87606,35.52105],[137.87621,35.52124],[137.87636,35.52143],[137.8765,35.52162],[137.87665,35.52181],[137.87681,35.52199],[137.87696,35.52218],[137.8771,35.52237],[137.87728,35.52246],[137.87753,35.52237],[137.87778,35.52228],[137.87804,35.5222],[137.8783,35.52212],[137.87855,35.52203],[137.87881,35.52195],[137.87907,35.52187],[137.87932,35.52179],[137.87958,35.5217],[137.87984,35.52162],[137.88009,35.52154],[137.88035,35.52145],[137.8806,35.52136],[137.88086,35.52127],[137.88111,35.52118],[137.88136,35.5211],[137.88161,35.521],[137.88186,35.5209],[137.88208,35.52076],[137.88228,35.52076],[137.88246,35.52093],[137.88264,35.5211],[137.88282,35.52127],[137.883,35.52144],[137.88318,35.52161],[137.88336,35.52178],[137.88354,35.52195],[137.88371,35.52213],[137.88382,35.52234],[137.88392,35.52255],[137.884,35.52276],[137.88408,35.52298],[137.88418,35.52319],[137.88429,35.52339],[137.8844,35.5236],[137.88451,35.5238],[137.88463,35.52401],[137.88473,35.52422],[137.88481,35.52443],[137.88488,35.52465],[137.88495,35.52487],[137.88503,35.52508],[137.8851,35.5253],[137.88518,35.52552],[137.88525,35.52573],[137.88533,35.52595],[137.8854,35.52617],[137.88548,35.52638],[137.88556,35.5266],[137.88563,35.52681],[137.8856,35.52698],[137.88533,35.52703],[137.88506,35.52707],[137.88479,35.52712],[137.88467,35.52732],[137.88452,35.52751],[137.88429,35.52763],[137.88404,35.52772],[137.88379,35.52782],[137.88354,35.52791],[137.88329,35.528],[137.88305,35.52805],[137.8829,35.52786],[137.88276,35.52767],[137.88261,35.52748],[137.88246,35.52729],[137.88232,35.5271],[137.88217,35.52691],[137.88202,35.52672],[137.88187,35.52653],[137.8821,35.52641],[137.88232,35.52627],[137.88254,35.52614],[137.88276,35.52601],[137.88298,35.52587],[137.8832,35.52573],[137.88342,35.5256],[137.88366,35.52549],[137.88393,35.52544],[137.8842,35.52539],[137.88447,35.52535],[137.88474,35.52531],[137.88501,35.52526],[137.88503,35.52509],[137.88496,35.52488],[137.88488,35.52466],[137.88481,35.52444],[137.88473,35.52423],[137.88463,35.52402],[137.88445,35.52397],[137.88421,35.52408],[137.88398,35.52417],[137.88383,35.52398],[137.8837,35.52378],[137.88352,35.52368],[137.88325,35.5237],[137.88298,35.52374],[137.88271,35.52379],[137.88244,35.52386],[137.88221,35.52398],[137.88198,35.5241],[137.88173,35.5242],[137.88148,35.5243],[137.88125,35.52441],[137.88102,35.52454],[137.88083,35.5247],[137.88063,35.52486],[137.88041,35.52499],[137.88019,35.52513],[137.87996,35.52526],[137.87974,35.52539],[137.87952,35.52544],[137.87932,35.52528],[137.87914,35.52512],[137.87897,35.52494],[137.87882,35.52475],[137.87868,35.52456],[137.87854,35.52436],[137.8784,35.52417],[137.87825,35.52398],[137.87811,35.52378],[137.87797,35.52359],[137.87783,35.5234],[137.87769,35.5232],[137.87755,35.52301],[137.87741,35.52281],[137.87728,35.52262],[137.87714,35.52242],[137.87699,35.52223],[137.87685,35.52204],[137.87669,35.52185],[137.87654,35.52167],[137.8764,35.52148],[137.87625,35.52129],[137.8761,35.5211],[137.87595,35.52091],[137.87579,35.52072],[137.87564,35.52054],[137.87548,35.52035],[137.87532,35.52017],[137.87517,35.51998],[137.87501,35.51979],[137.87487,35.5196],[137.87473,35.51941],[137.87458,35.51922],[137.87444,35.51903],[137.87429,35.51884],[137.87415,35.51864],[137.87401,35.51845],[137.87387,35.51826],[137.87385,35.51808],[137.87403,35.51791]]}},{"type":"Feature","properties":{"id":"Minamishinshutakagi1_78","name":"E6 たかぎコミュニティバス　伊久間線","agency":"喬木村","verdict":"適","accuracy":"A","L":7.6,"trips":4,"batt":8,"charges":0,"etr":2.6895,"regen":0.2692,"ew":4.4537,"mg":0.023331},"geometry":{"type":"LineString","coordinates":[[137.87396,35.51774],[137.87377,35.51782],[137.87391,35.51801],[137.87375,35.5181],[137.87361,35.51791],[137.87346,35.51771],[137.87332,35.51752],[137.87318,35.51733],[137.87304,35.51714],[137.8729,35.51694],[137.87276,35.51675],[137.87262,35.51655],[137.87248,35.51636],[137.87237,35.51615],[137.87224,35.51596],[137.87206,35.51579],[137.87181,35.5157],[137.87154,35.51563],[137.87128,35.51557],[137.87101,35.51552],[137.87074,35.51547],[137.87047,35.51542],[137.8702,35.51538],[137.86993,35.51533],[137.86966,35.51529],[137.86939,35.51523],[137.86914,35.51514],[137.86893,35.515],[137.86877,35.51482],[137.86864,35.51462],[137.8689,35.51458],[137.86918,35.51454],[137.86945,35.51451],[137.86972,35.51448],[137.86999,35.51444],[137.87023,35.51433],[137.87033,35.51412],[137.87044,35.51392],[137.87066,35.51379],[137.87088,35.51366],[137.87114,35.51357],[137.87124,35.51344],[137.87104,35.51329],[137.87085,35.51313],[137.87068,35.51295],[137.87051,35.51277],[137.87035,35.51259],[137.87021,35.51239],[137.87012,35.51218],[137.87005,35.51196],[137.86998,35.51175],[137.86988,35.51154],[137.86971,35.51136],[137.86953,35.51119],[137.86934,35.51102],[137.86917,35.51085],[137.86901,35.51067],[137.86886,35.51048],[137.86881,35.51026],[137.8688,35.51003],[137.8688,35.50981],[137.86881,35.50958],[137.86885,35.50936],[137.86891,35.50914],[137.86904,35.50895],[137.8692,35.50876],[137.86931,35.50856],[137.86938,35.50834],[137.86945,35.50812],[137.86948,35.5079],[137.86945,35.50768],[137.86942,35.50745],[137.86935,35.50724],[137.86924,35.50703],[137.86913,35.50682],[137.86902,35.50662],[137.86897,35.5064],[137.86889,35.50618],[137.86873,35.506],[137.86857,35.50582],[137.8684,35.50564],[137.86829,35.50543],[137.86819,35.50523],[137.86808,35.50502],[137.86792,35.50484],[137.86776,35.50465],[137.8676,35.50447],[137.86738,35.50434],[137.86715,35.50421],[137.86693,35.50407],[137.86671,35.50393],[137.8665,35.50379],[137.86629,35.50365],[137.86608,35.50361],[137.86585,35.50373],[137.86562,35.50386],[137.86552,35.50401],[137.86556,35.50424],[137.86561,35.50446],[137.86565,35.50468],[137.86569,35.5049],[137.86574,35.50512],[137.86578,35.50535],[137.86582,35.50557],[137.86587,35.50579],[137.86591,35.50601],[137.86596,35.50623],[137.86618,35.50625],[137.86646,35.50621],[137.86673,35.50617],[137.867,35.50613],[137.86727,35.50609],[137.86755,35.50606],[137.86769,35.50616],[137.86774,35.50638],[137.86778,35.5066],[137.86782,35.50682],[137.86786,35.50705],[137.8679,35.50727],[137.86794,35.50749],[137.86798,35.50771],[137.86801,35.50794],[137.86805,35.50816],[137.86808,35.50838],[137.86805,35.50856],[137.86778,35.50858],[137.8675,35.50859],[137.86723,35.50861],[137.86695,35.50863],[137.86668,35.50864],[137.86643,35.50868],[137.86645,35.5089],[137.86646,35.50913],[137.86647,35.50935],[137.86647,35.50958],[137.86648,35.5098],[137.86649,35.51003],[137.8665,35.51025],[137.86651,35.51048],[137.86651,35.5107],[137.86652,35.51093],[137.86677,35.51093],[137.86705,35.51092],[137.86732,35.5109],[137.8676,35.51088],[137.86787,35.51087],[137.86815,35.51088],[137.86831,35.51098],[137.86822,35.51119],[137.86812,35.5114],[137.868,35.5116],[137.86787,35.5118],[137.86776,35.51201],[137.86772,35.51223],[137.86768,35.51245],[137.86763,35.51267],[137.86757,35.51286],[137.8677,35.51306],[137.86782,35.51326],[137.86783,35.51341],[137.86756,35.51345],[137.86746,35.51364],[137.86742,35.51386],[137.86748,35.51408],[137.86756,35.51429],[137.86764,35.51451],[137.86771,35.51473],[137.86799,35.5147],[137.86826,35.51466],[137.86853,35.51463],[137.86872,35.51474],[137.86886,35.51493],[137.86905,35.51509],[137.86928,35.5152],[137.86955,35.51527],[137.86982,35.51531],[137.87009,35.51536],[137.87036,35.5154],[137.87063,35.51545],[137.8709,35.5155],[137.87117,35.51555],[137.87144,35.51561],[137.8717,35.51567],[137.87196,35.51575],[137.87217,35.51565],[137.87237,35.51549],[137.87256,35.51533],[137.87276,35.51517],[137.87295,35.51502],[137.87315,35.51486],[137.87333,35.51469],[137.87351,35.51452],[137.87369,35.51435],[137.87387,35.51418],[137.87405,35.51401],[137.87424,35.51384],[137.87443,35.51382],[137.87464,35.51396],[137.87487,35.5141],[137.87491,35.51426],[137.87505,35.51431],[137.87531,35.51425],[137.87555,35.51414],[137.87568,35.51434],[137.87581,35.51453],[137.87567,35.51472],[137.87559,35.51493],[137.87546,35.51513],[137.8754,35.51532],[137.87555,35.51551],[137.87572,35.51568],[137.87565,35.51585],[137.87548,35.51603],[137.87533,35.51622],[137.87541,35.51639],[137.87562,35.51653],[137.87583,35.51668],[137.87604,35.51682],[137.87626,35.51696],[137.87649,35.51708],[137.87673,35.5172],[137.87697,35.51731],[137.8772,35.51743],[137.87743,35.51756],[137.87764,35.5177],[137.87786,35.51784],[137.87808,35.51798],[137.87831,35.5181],[137.87854,35.51822],[137.87878,35.51833],[137.87902,35.51844],[137.87927,35.51855],[137.87951,35.51865],[137.87976,35.51876],[137.88,35.51886],[137.88023,35.51898],[137.88046,35.51912],[137.88067,35.51926],[137.88086,35.51942],[137.88104,35.51959],[137.88122,35.51976],[137.8814,35.51993],[137.88158,35.5201],[137.88176,35.52027],[137.88194,35.52044],[137.88212,35.52061],[137.88207,35.52077],[137.88185,35.52091],[137.8816,35.52101],[137.88135,35.5211],[137.8811,35.52119],[137.88084,35.52128],[137.88059,35.52136],[137.88033,35.52145],[137.88008,35.52154],[137.87982,35.52162],[137.87957,35.52171],[137.87931,35.52179],[137.87905,35.52187],[137.8788,35.52196],[137.87854,35.52204],[137.87828,35.52212],[137.87802,35.5222],[137.87777,35.52229],[137.87751,35.52237],[137.87726,35.52247],[137.87709,35.52236],[137.87695,35.52217],[137.8768,35.52198],[137.87664,35.52179],[137.8765,35.52161],[137.87635,35.52142],[137.8762,35.52123],[137.87605,35.52104],[137.8759,35.52085],[137.87574,35.52066],[137.87559,35.52048],[137.87543,35.52029],[137.87527,35.52011],[137.87512,35.51992],[137.87497,35.51973],[137.87482,35.51954],[137.87468,35.51935],[137.87453,35.51916],[137.87439,35.51897],[137.87425,35.51877],[137.8741,35.51858],[137.87396,35.51839],[137.87382,35.5182],[137.87368,35.518],[137.87353,35.51781],[137.87339,35.51762],[137.87325,35.51743],[137.87311,35.51723],[137.87297,35.51704],[137.87283,35.51685],[137.87274,35.51676],[137.87289,35.51694],[137.87303,35.51713],[137.87317,35.51733],[137.87332,35.51752],[137.87346,35.51771],[137.8736,35.5179],[137.87375,35.5181],[137.87392,35.51801],[137.87405,35.51783]]}},{"type":"Feature","properties":{"id":"Minamishinshutakagi1_79","name":"E7 たかぎｺﾐｭﾆﾃｨﾊﾞｽ厚生病院線","agency":"喬木村","verdict":"適","accuracy":"A","L":11.9,"trips":1,"batt":13,"charges":0,"etr":4.3198,"regen":0.4246,"ew":6.8703,"mg":0.027358},"geometry":{"type":"LineString","coordinates":[[137.87396,35.51774],[137.87391,35.51801],[137.87395,35.51838],[137.87424,35.51876],[137.87452,35.51914],[137.87481,35.51953],[137.87511,35.51991],[137.87542,35.52028],[137.87573,35.52065],[137.87604,35.52102],[137.87634,35.5214],[137.87663,35.52178],[137.87694,35.52216],[137.87724,35.52247],[137.87775,35.52229],[137.87826,35.52213],[137.87878,35.52196],[137.87929,35.5218],[137.8798,35.52163],[137.88032,35.52146],[137.88082,35.52128],[137.88133,35.52111],[137.88183,35.52092],[137.88225,35.52074],[137.88262,35.52108],[137.88298,35.52142],[137.88334,35.52176],[137.88369,35.52211],[137.88391,35.52252],[137.88407,35.52295],[137.88427,35.52337],[137.8845,35.52378],[137.88472,35.52419],[137.88487,35.52462],[137.88502,35.52506],[137.88517,35.52549],[137.88532,35.52592],[137.88547,35.52635],[137.88562,35.52679],[137.88577,35.52722],[137.88592,35.52765],[137.88607,35.52809],[137.88622,35.52852],[137.88638,35.52895],[137.88663,35.52935],[137.88689,35.52975],[137.88714,35.53015],[137.8874,35.53055],[137.88759,35.53097],[137.88775,35.5314],[137.88792,35.53183],[137.88809,35.53225],[137.88826,35.53268],[137.88842,35.53311],[137.88859,35.53354],[137.88876,35.53397],[137.88893,35.53439],[137.8891,35.53482],[137.88927,35.53525],[137.88943,35.53568],[137.88956,35.53612],[137.8896,35.53657],[137.88961,35.53701],[137.88962,35.53746],[137.88963,35.53791],[137.88967,35.53836],[137.88973,35.53881],[137.88981,35.53925],[137.8902,35.53956],[137.8907,35.53974],[137.89112,35.54003],[137.89145,35.54039],[137.89167,35.5408],[137.89186,35.54122],[137.89207,35.54164],[137.89248,35.54193],[137.89297,35.54214],[137.89344,35.54237],[137.89373,35.54274],[137.89393,35.54316],[137.89413,35.54358],[137.89433,35.544],[137.89393,35.54421],[137.89342,35.54439],[137.89291,35.54456],[137.89239,35.54472],[137.89188,35.54488],[137.89136,35.54504],[137.89088,35.54516],[137.89073,35.54473],[137.89054,35.54431],[137.89048,35.54394],[137.89096,35.54385],[137.89115,35.54427],[137.89132,35.5447],[137.89155,35.54498],[137.89194,35.54506],[137.89214,35.54548],[137.89235,35.54589],[137.89255,35.54631],[137.89275,35.54673],[137.89295,35.54715],[137.89315,35.54757],[137.89335,35.54799],[137.89355,35.54841],[137.89366,35.54885],[137.89378,35.54928],[137.8939,35.54966],[137.89337,35.54979],[137.89284,35.54991],[137.89231,35.55004],[137.89178,35.55017],[137.89124,35.55029],[137.89071,35.55041],[137.89018,35.55053],[137.88966,35.55068],[137.88924,35.55081],[137.88926,35.55123],[137.88909,35.55163],[137.88904,35.55122],[137.88885,35.55129],[137.8891,35.55164],[137.88927,35.55122],[137.88948,35.55085],[137.88987,35.55061],[137.8904,35.55048],[137.89094,35.55036],[137.89147,35.55024],[137.892,35.55011],[137.89253,35.54999],[137.89306,35.54986],[137.89359,35.54973],[137.8939,35.54953],[137.89372,35.5491],[137.89362,35.54866],[137.89347,35.54823],[137.89327,35.54781],[137.89307,35.54739],[137.89287,35.54697],[137.89267,35.54655],[137.89246,35.54614],[137.89226,35.54572],[137.89206,35.5453],[137.89185,35.54489],[137.89133,35.54505],[137.89087,35.54514],[137.89072,35.54471],[137.89053,35.54429],[137.89051,35.54394],[137.89097,35.54387],[137.89116,35.5443],[137.89132,35.54472],[137.89158,35.54498],[137.89209,35.54481],[137.89261,35.54465],[137.89312,35.54449],[137.89363,35.54431],[137.89414,35.54414],[137.89425,35.54382],[137.89405,35.54341],[137.89385,35.54299],[137.89364,35.54257],[137.89325,35.54226],[137.89276,35.54205],[137.89228,35.54183],[137.89198,35.54147],[137.89178,35.54105],[137.89158,35.54063],[137.89131,35.54024],[137.89096,35.53989],[137.89049,35.53966],[137.89,35.53946],[137.88976,35.53907],[137.88971,35.53862],[137.88965,35.53817],[137.88962,35.53773],[137.88962,35.53728],[137.8896,35.53683],[137.88959,35.53638],[137.88952,35.53593],[137.88936,35.5355],[137.8892,35.53507],[137.88903,35.53464],[137.88886,35.53422],[137.88869,35.53379],[137.88852,35.53336],[137.88835,35.53293],[137.88818,35.5325],[137.88802,35.53207],[137.88785,35.53165],[137.88768,35.53122],[137.88751,35.53079],[137.88729,35.53038],[137.88704,35.52998],[137.88678,35.52958],[137.88653,35.52918],[137.8863,35.52877],[137.88616,35.52834],[137.88601,35.5279],[137.88586,35.52747],[137.88571,35.52704],[137.88556,35.52661],[137.88541,35.52617],[137.88526,35.52574],[137.8851,35.52531],[137.88496,35.52488],[137.88481,35.52444],[137.88463,35.52402],[137.88441,35.52361],[137.88418,35.52319],[137.88401,35.52277],[137.88383,35.52234],[137.88355,35.52196],[137.88319,35.52162],[137.88283,35.52128],[137.88247,35.52094],[137.88209,35.52076],[137.88162,35.521],[137.88112,35.52118],[137.88061,35.52136],[137.8801,35.52153],[137.87959,35.5217],[137.87908,35.52187],[137.87856,35.52203],[137.87805,35.5222],[137.87754,35.52237],[137.8771,35.52238],[137.87682,35.522],[137.87651,35.52162],[137.87621,35.52124],[137.87591,35.52087],[137.8756,35.5205],[137.87529,35.52012],[137.87498,35.51975],[137.87469,35.51937],[137.8744,35.51898],[137.87412,35.5186],[137.87383,35.51821],[137.87405,35.51786]]}},{"type":"Feature","properties":{"id":"Minamishinshutakagi1_80","name":"E8 喬木村民バス　上平線","agency":"喬木村","verdict":"条件付き","accuracy":"A","L":20.1,"trips":2,"batt":29,"charges":0,"etr":14.7696,"regen":4.6537,"ew":15.1409,"mg":0.101436},"geometry":{"type":"LineString","coordinates":[[137.87396,35.51774],[137.87381,35.51818],[137.87424,35.51876],[137.87467,35.51934],[137.87514,35.5198],[137.8758,35.51939],[137.87632,35.51891],[137.87664,35.51828],[137.87685,35.51764],[137.87715,35.51741],[137.87781,35.51782],[137.87849,35.5182],[137.87922,35.51853],[137.87995,35.51884],[137.88063,35.51923],[137.88118,35.51973],[137.88173,35.52024],[137.88211,35.52074],[137.8814,35.52108],[137.88064,35.52135],[137.87987,35.52161],[137.8791,35.52186],[137.87833,35.5221],[137.87756,35.52236],[137.87698,35.52221],[137.87653,35.52164],[137.87608,35.52107],[137.87562,35.52051],[137.87515,35.51996],[137.87471,35.51939],[137.87427,35.51881],[137.87385,35.51823],[137.8739,35.51772],[137.87371,35.51805],[137.87328,35.51747],[137.87286,35.51689],[137.87245,35.5163],[137.87206,35.51575],[137.87264,35.51527],[137.87323,35.51479],[137.87377,35.51428],[137.87431,35.51377],[137.87484,35.51325],[137.87531,35.5127],[137.87591,35.51225],[137.87665,35.51195],[137.8774,35.51165],[137.87814,35.51134],[137.87877,35.51091],[137.87923,35.51035],[137.87968,35.50978],[137.88012,35.50922],[137.88057,35.50865],[137.88102,35.50808],[137.88147,35.50751],[137.88191,35.50695],[137.88236,35.50638],[137.8828,35.50581],[137.88325,35.50524],[137.88371,35.50468],[137.88436,35.50428],[137.88517,35.50414],[137.88598,35.50398],[137.88669,35.50365],[137.8872,35.50314],[137.88739,35.50262],[137.88736,35.50195],[137.88766,35.50132],[137.88807,35.50162],[137.88825,35.50227],[137.88848,35.50291],[137.8883,35.50356],[137.88796,35.50417],[137.88768,35.5048],[137.88803,35.50538],[137.88883,35.50549],[137.88923,35.50492],[137.88972,35.50437],[137.8902,35.50382],[137.89067,35.50327],[137.89114,35.50271],[137.8916,35.50215],[137.89199,35.50156],[137.89238,35.50096],[137.89276,35.50036],[137.89312,35.49976],[137.89345,35.49915],[137.89381,35.49862],[137.8936,35.49801],[137.89384,35.49736],[137.8938,35.49669],[137.89383,35.49693],[137.89376,35.49759],[137.89368,35.49823],[137.89361,35.49874],[137.89338,35.49938],[137.89299,35.49997],[137.89263,35.50058],[137.89223,35.50117],[137.89186,35.50177],[137.89144,35.50235],[137.89097,35.50291],[137.8905,35.50346],[137.89003,35.50402],[137.88954,35.50456],[137.88907,35.50512],[137.88915,35.50549],[137.88998,35.50549],[137.89049,35.50515],[137.89103,35.50471],[137.89152,35.50417],[137.89209,35.50368],[137.89266,35.50319],[137.89314,35.50264],[137.89364,35.50211],[137.8942,35.50163],[137.89463,35.50105],[137.89523,35.50059],[137.89586,35.50015],[137.89653,35.49975],[137.89727,35.49945],[137.89776,35.49906],[137.89803,35.49846],[137.89768,35.49793],[137.89708,35.49747],[137.89689,35.49728],[137.89746,35.49778],[137.89805,35.49823],[137.89776,35.49882],[137.89754,35.49936],[137.89679,35.49964],[137.89609,35.5],[137.89568,35.50042],[137.89639,35.50072],[137.89718,35.50091],[137.8979,35.5006],[137.89868,35.5004],[137.8995,35.50039],[137.9003,35.50054],[137.90108,35.50075],[137.90167,35.5012],[137.90233,35.50158],[137.90214,35.50217],[137.9028,35.50243],[137.90315,35.50294],[137.90369,35.5034],[137.90436,35.50325],[137.90514,35.5031],[137.90579,35.50351],[137.90645,35.5039],[137.90708,35.50429],[137.90656,35.50476],[137.90694,35.50498],[137.90771,35.50497],[137.90842,35.50499],[137.90856,35.50435],[137.90868,35.50369],[137.90924,35.50329],[137.91006,35.50318],[137.91067,35.50275],[137.91097,35.50213],[137.91129,35.50256],[137.91092,35.50307],[137.91036,35.50354],[137.90982,35.50403],[137.9099,35.5047],[137.90978,35.50528],[137.90923,35.50577],[137.9085,35.50609],[137.90773,35.50606],[137.90756,35.50662],[137.90697,35.50708],[137.90691,35.50761],[137.90766,35.50788],[137.90765,35.50824],[137.90762,35.50847],[137.90827,35.50885],[137.90893,35.50922],[137.90974,35.50926],[137.91012,35.50974],[137.90978,35.51027],[137.9095,35.51087],[137.90932,35.51153],[137.90884,35.51206],[137.90839,35.5126],[137.90776,35.51301],[137.9071,35.51342],[137.90638,35.51372],[137.90578,35.51419],[137.90502,35.51443],[137.90431,35.51478],[137.90372,35.51524],[137.90328,35.5158],[137.90262,35.51615],[137.90196,35.51576],[137.90115,35.51589],[137.90033,35.51598],[137.89974,35.51596],[137.89962,35.51529],[137.90018,35.51485],[137.90099,35.51473],[137.90147,35.51422],[137.90132,35.51357],[137.90088,35.51299],[137.90046,35.51242],[137.90039,35.51175],[137.90044,35.51109],[137.8998,35.5107],[137.89905,35.51041],[137.89828,35.51017],[137.89748,35.51033],[137.89682,35.51049],[137.89641,35.51105],[137.89578,35.51148],[137.89514,35.51192],[137.89453,35.51237],[137.8939,35.51281],[137.89322,35.51319],[137.89252,35.51355],[137.89179,35.51385],[137.89107,35.51415],[137.8903,35.51405],[137.88951,35.51386],[137.88875,35.51376],[137.8882,35.51426],[137.88758,35.5147],[137.88696,35.51514],[137.88631,35.51555],[137.88576,35.51566],[137.88534,35.51508],[137.88492,35.5145],[137.88461,35.51482],[137.88451,35.51464],[137.88386,35.51506],[137.88326,35.51544],[137.88358,35.51606],[137.88399,35.51665],[137.88378,35.5171],[137.88307,35.51744],[137.88235,35.51779],[137.88213,35.5182],[137.8828,35.51858],[137.88358,35.51857],[137.8841,35.51805],[137.88443,35.51797],[137.88394,35.51851],[137.8837,35.51911],[137.88433,35.51886],[137.88492,35.51849],[137.88482,35.51914],[137.88423,35.51959],[137.88357,35.51998],[137.88292,35.52039],[137.88219,35.52069],[137.88149,35.52105],[137.88073,35.52132],[137.87997,35.52158],[137.8792,35.52183],[137.87842,35.52207],[137.87765,35.52232],[137.87703,35.52228],[137.87658,35.52171],[137.87613,35.52114],[137.87567,35.52058],[137.8752,35.52003],[137.87476,35.51946],[137.87433,35.51888],[137.8739,35.5183],[137.87398,35.51776]]}},{"type":"Feature","properties":{"id":"Minamishinshutakagi1_81","name":"E9 喬木村民バス　富田線","agency":"喬木村","verdict":"適","accuracy":"A","L":17.4,"trips":2,"batt":25,"charges":0,"etr":12.7946,"regen":4.0269,"ew":13.1302,"mg":0.099537},"geometry":{"type":"LineString","coordinates":[[137.87396,35.51774],[137.87375,35.5181],[137.87332,35.51752],[137.8729,35.51694],[137.87248,35.51636],[137.87206,35.51579],[137.87259,35.51531],[137.87317,35.51483],[137.87372,35.51432],[137.87426,35.51381],[137.8748,35.5133],[137.87527,35.51275],[137.87585,35.51228],[137.87659,35.51197],[137.87733,35.51167],[137.87807,35.51137],[137.87872,35.51096],[137.87919,35.5104],[137.87963,35.50984],[137.88008,35.50927],[137.88053,35.5087],[137.88098,35.50813],[137.88143,35.50757],[137.88187,35.507],[137.88232,35.50643],[137.88276,35.50586],[137.88321,35.50529],[137.88366,35.50473],[137.88429,35.5043],[137.8851,35.50415],[137.8859,35.50401],[137.88663,35.50369],[137.88716,35.50319],[137.8874,35.50268],[137.88735,35.50201],[137.88762,35.50137],[137.88821,35.50117],[137.88845,35.50052],[137.88862,35.49987],[137.88855,35.4992],[137.88896,35.49862],[137.8891,35.49798],[137.88898,35.49732],[137.88933,35.49671],[137.88925,35.49606],[137.88895,35.49545],[137.88813,35.49536],[137.88759,35.49496],[137.88745,35.49429],[137.8872,35.49365],[137.88683,35.49305],[137.88651,35.49243],[137.88669,35.49177],[137.88671,35.49112],[137.88638,35.4905],[137.88635,35.48985],[137.88652,35.48919],[137.88669,35.48853],[137.88683,35.48786],[137.88667,35.48735],[137.88676,35.48669],[137.88669,35.48604],[137.88634,35.48545],[137.88619,35.48496],[137.88701,35.48496],[137.88782,35.48504],[137.88842,35.48473],[137.889,35.48425],[137.88969,35.48389],[137.89049,35.48384],[137.89122,35.48409],[137.89184,35.48453],[137.89256,35.48484],[137.89332,35.48507],[137.89415,35.48503],[137.89497,35.48506],[137.89525,35.48459],[137.89548,35.48401],[137.89596,35.48356],[137.89628,35.48304],[137.89658,35.48251],[137.89587,35.48217],[137.89528,35.48177],[137.89486,35.48136],[137.89441,35.48081],[137.89432,35.48022],[137.89352,35.48032],[137.8927,35.48033],[137.89197,35.48029],[137.89121,35.48034],[137.89039,35.48043],[137.88974,35.48082],[137.88897,35.48102],[137.88821,35.48093],[137.88829,35.48032],[137.88848,35.47967],[137.8888,35.47905],[137.88855,35.47845],[137.88827,35.47781],[137.88802,35.47717],[137.88772,35.47657],[137.88752,35.476],[137.88677,35.47578],[137.88621,35.47528],[137.88558,35.47484],[137.88559,35.47485],[137.88621,35.47529],[137.88678,35.47578],[137.88753,35.476],[137.88771,35.47657],[137.88803,35.47718],[137.88827,35.47782],[137.88855,35.47845],[137.8888,35.47905],[137.88848,35.47967],[137.88829,35.48033],[137.8881,35.48098],[137.88772,35.48158],[137.88733,35.48218],[137.88717,35.48241],[137.88678,35.483],[137.88631,35.48356],[137.88615,35.48422],[137.88601,35.48489],[137.88537,35.48516],[137.88462,35.48543],[137.88389,35.48576],[137.88317,35.48609],[137.8824,35.48633],[137.88176,35.48674],[137.88109,35.48714],[137.88068,35.48738],[137.88135,35.48699],[137.88197,35.48655],[137.8827,35.48624],[137.88345,35.48596],[137.88417,35.48563],[137.88489,35.4853],[137.88568,35.4851],[137.88625,35.48532],[137.88655,35.48595],[137.88672,35.48654],[137.88674,35.48721],[137.88679,35.48772],[137.88673,35.48838],[137.88656,35.48904],[137.88639,35.4897],[137.88631,35.49036],[137.88664,35.49098],[137.88674,35.49163],[137.88652,35.49228],[137.88674,35.49291],[137.88712,35.49351],[137.88741,35.49414],[137.88756,35.49481],[137.88795,35.49535],[137.88877,35.4954],[137.88921,35.49591],[137.88937,35.49657],[137.88904,35.49718],[137.88904,35.49784],[137.88906,35.49849],[137.8886,35.49906],[137.88859,35.49972],[137.8885,35.50038],[137.88827,35.50102],[137.88776,35.50129],[137.88739,35.50186],[137.88737,35.50253],[137.88731,35.50313],[137.88677,35.50359],[137.88608,35.50395],[137.88528,35.50413],[137.88447,35.50424],[137.88378,35.50461],[137.88331,35.50517],[137.88286,35.50573],[137.88242,35.5063],[137.88197,35.50687],[137.88152,35.50744],[137.88108,35.50801],[137.88063,35.50857],[137.88018,35.50914],[137.87973,35.50971],[137.87929,35.51028],[137.87884,35.51084],[137.87823,35.5113],[137.8775,35.51161],[137.87675,35.51191],[137.87601,35.51221],[137.87537,35.51262],[137.87491,35.51318],[137.87438,35.5137],[137.87384,35.51421],[137.8733,35.51472],[137.87272,35.5152],[137.87214,35.51568],[137.8724,35.51622],[137.8728,35.51681],[137.87322,35.51739],[137.87365,35.51797],[137.87399,35.51776],[137.87379,35.51816],[137.87422,35.51873],[137.87465,35.51931],[137.87511,35.51981],[137.87577,35.51941],[137.87631,35.51894],[137.87662,35.51831],[137.87685,35.51767],[137.87712,35.51739],[137.87778,35.5178],[137.87846,35.51819],[137.87919,35.51851],[137.87992,35.51883],[137.8806,35.51921],[137.88116,35.51971],[137.8817,35.52022],[137.88214,35.52072],[137.88143,35.52107],[137.88067,35.52134],[137.87991,35.5216],[137.87914,35.52185],[137.87837,35.52209],[137.8776,35.52234],[137.877,35.52223],[137.87655,35.52167],[137.8761,35.5211],[137.87564,35.52054],[137.87517,35.51998],[137.87473,35.51941],[137.87429,35.51884],[137.87387,35.51826],[137.87403,35.51791]]}},{"type":"Feature","properties":{"id":"Minamishinshutakamori1_48","name":"K1 柿丸あったかバス 山吹エリア","agency":"高森町","verdict":"適","accuracy":"B","L":23.6,"trips":6,"batt":29,"charges":1,"etr":11.749,"regen":2.5418,"ew":15.1197,"mg":0.096396},"geometry":{"type":"LineString","coordinates":[[137.88879,35.55127],[137.88779,35.55089],[137.88679,35.55051],[137.88588,35.55],[137.88498,35.54947],[137.88409,35.54895],[137.8832,35.54842],[137.8823,35.54789],[137.88141,35.54736],[137.88052,35.54683],[137.87962,35.5463],[137.87873,35.54577],[137.87849,35.5457],[137.87927,35.54634],[137.88004,35.54698],[137.88082,35.54762],[137.8816,35.54826],[137.88237,35.5489],[137.88315,35.54954],[137.88392,35.55018],[137.8847,35.55082],[137.88548,35.55146],[137.88625,35.5521],[137.88704,35.55273],[137.88788,35.55332],[137.88872,35.5539],[137.88948,35.55452],[137.88948,35.55542],[137.88948,35.55631],[137.88948,35.55721],[137.88883,35.55792],[137.88813,35.55862],[137.88742,35.55931],[137.88781,35.56005],[137.8884,35.56081],[137.889,35.56157],[137.8896,35.56232],[137.8902,35.56308],[137.8908,35.56383],[137.8914,35.56459],[137.892,35.56535],[137.89259,35.5661],[137.89319,35.56686],[137.89379,35.56761],[137.89439,35.56837],[137.89499,35.56913],[137.89559,35.56988],[137.89619,35.57064],[137.89678,35.5714],[137.89738,35.57215],[137.89798,35.57291],[137.89858,35.57366],[137.89958,35.57399],[137.90063,35.57427],[137.90168,35.57456],[137.90273,35.57484],[137.90378,35.57512],[137.90484,35.5754],[137.90589,35.57568],[137.90694,35.57596],[137.90796,35.5763],[137.90898,35.57665],[137.90885,35.5769],[137.90776,35.57706],[137.90668,35.57723],[137.90559,35.5774],[137.9045,35.57756],[137.90342,35.57773],[137.90268,35.57821],[137.90239,35.57907],[137.90209,35.57994],[137.9018,35.58081],[137.9015,35.58167],[137.9012,35.58254],[137.90081,35.58333],[137.89973,35.58352],[137.89865,35.58371],[137.89757,35.5839],[137.89649,35.58409],[137.89541,35.58428],[137.89433,35.58448],[137.89332,35.58484],[137.89231,35.58521],[137.8913,35.58557],[137.89029,35.58593],[137.88927,35.58629],[137.88826,35.58665],[137.88725,35.58702],[137.88624,35.58738],[137.88522,35.58774],[137.88421,35.5881],[137.88378,35.58732],[137.88338,35.58648],[137.88298,35.58564],[137.88256,35.58481],[137.88204,35.58402],[137.88151,35.58323],[137.88099,35.58244],[137.88046,35.58165],[137.87994,35.58085],[137.87942,35.58006],[137.87889,35.57927],[137.87837,35.57848],[137.87784,35.57769],[137.87732,35.57689],[137.8768,35.5761],[137.87627,35.57531],[137.87594,35.57446],[137.87566,35.57359],[137.87537,35.57272],[137.87508,35.57185],[137.87438,35.57115],[137.87368,35.57046],[137.87299,35.56976],[137.87229,35.56906],[137.87159,35.56836],[137.87089,35.56766],[137.87053,35.56685],[137.87036,35.56596],[137.87019,35.56507],[137.87001,35.56418],[137.86984,35.56329],[137.87014,35.56311],[137.87095,35.56372],[137.87177,35.56433],[137.87258,35.56494],[137.8734,35.56555],[137.87421,35.56615],[137.87503,35.56676],[137.87584,35.56737],[137.87666,35.56798],[137.87747,35.56859],[137.87829,35.56919],[137.8791,35.5698],[137.87992,35.57041],[137.88073,35.57102],[137.88158,35.5716],[137.88242,35.57218],[137.88326,35.57276],[137.88411,35.57334],[137.88486,35.57399],[137.88555,35.5747],[137.88624,35.5754],[137.88692,35.57611],[137.88761,35.57681],[137.88826,35.57744],[137.88822,35.57654],[137.88817,35.57564],[137.88812,35.57475],[137.88808,35.57385],[137.88803,35.57295],[137.88798,35.57205],[137.88899,35.5724],[137.89001,35.57275],[137.89102,35.57311],[137.89204,35.57346],[137.89306,35.57382],[137.89408,35.57413],[137.89518,35.57403],[137.89628,35.57393],[137.89738,35.57383],[137.89848,35.57373],[137.89827,35.57312],[137.89767,35.57237],[137.89706,35.57162],[137.89646,35.57086],[137.89586,35.57011],[137.89525,35.56936],[137.89465,35.5686],[137.89405,35.56785],[137.89344,35.56709],[137.89284,35.56634],[137.89224,35.56559],[137.89164,35.56483],[137.89103,35.56408],[137.89043,35.56333],[137.88983,35.56257],[137.88922,35.56182],[137.88862,35.56106],[137.88802,35.56031],[137.88741,35.55956],[137.88789,35.55886],[137.88861,35.55818],[137.88933,35.55749],[137.88948,35.55663],[137.88951,35.55573],[137.88954,35.55484],[137.88909,35.55411],[137.88824,35.55354],[137.88739,35.55296],[137.88657,35.55236],[137.88579,35.55172],[137.88501,35.55108],[137.88424,35.55044],[137.88346,35.5498],[137.88269,35.54916],[137.88191,35.54852],[137.88113,35.54788],[137.88036,35.54724],[137.87958,35.5466],[137.87881,35.54596],[137.87826,35.54528],[137.87862,35.54443],[137.87898,35.54357],[137.87934,35.54272],[137.87969,35.54187],[137.88005,35.54102],[137.88057,35.54164],[137.88111,35.54242],[137.88165,35.54321],[137.88219,35.54399],[137.88273,35.54478],[137.88327,35.54556],[137.88381,35.54634],[137.88435,35.54713],[137.88489,35.54791],[137.88543,35.5487],[137.88597,35.54948],[137.88651,35.55027],[137.8874,35.55075],[137.88841,35.55113],[137.88896,35.55074],[137.88924,35.54987],[137.88952,35.549],[137.8898,35.54813],[137.89008,35.54726],[137.89037,35.54639],[137.89065,35.54552],[137.89093,35.54465],[137.89094,35.5446],[137.89066,35.54547],[137.89038,35.54634],[137.8901,35.54721],[137.88982,35.54808],[137.88954,35.54895],[137.88926,35.54982],[137.88898,35.55069],[137.88884,35.55112]]}},{"type":"Feature","properties":{"id":"Minamishinshutakamori1_49","name":"K2 柿丸あったかバス 市田エリア","agency":"高森町","verdict":"条件付き","accuracy":"B","L":20.1,"trips":6,"batt":27,"charges":1,"etr":12.6699,"regen":3.5518,"ew":14.1306,"mg":0.102086},"geometry":{"type":"LineString","coordinates":[[137.88879,35.55127],[137.88804,35.55099],[137.88729,35.5507],[137.88655,35.5504],[137.88588,35.55],[137.88521,35.54961],[137.88454,35.54921],[137.88387,35.54881],[137.8832,35.54842],[137.88253,35.54802],[137.88186,35.54762],[137.88119,35.54723],[137.88052,35.54683],[137.87985,35.54643],[137.87918,35.54603],[137.87851,35.54564],[137.87833,35.54511],[137.8786,35.54448],[137.87887,35.54384],[137.87913,35.5432],[137.8794,35.54256],[137.87967,35.54192],[137.87994,35.54129],[137.87978,35.54077],[137.87907,35.54042],[137.87837,35.54006],[137.87766,35.53971],[137.87696,35.53935],[137.87626,35.539],[137.87555,35.53864],[137.87485,35.53828],[137.87414,35.53793],[137.87344,35.53757],[137.87273,35.53722],[137.87203,35.53686],[137.87133,35.5365],[137.87062,35.53615],[137.86992,35.53579],[137.86924,35.5354],[137.86856,35.53502],[137.86787,35.53464],[137.86719,35.53426],[137.86651,35.53388],[137.86582,35.5335],[137.86514,35.53312],[137.86454,35.53284],[137.8647,35.5335],[137.86487,35.53416],[137.86503,35.53482],[137.8652,35.53548],[137.86537,35.53614],[137.86553,35.5368],[137.8657,35.53746],[137.86586,35.53812],[137.86603,35.53878],[137.8662,35.53944],[137.86636,35.54011],[137.86653,35.54077],[137.86676,35.5414],[137.86736,35.54186],[137.86797,35.54232],[137.86858,35.54278],[137.86918,35.54324],[137.86979,35.5437],[137.8704,35.54416],[137.871,35.54462],[137.87132,35.54521],[137.87151,35.54587],[137.8717,35.54653],[137.8719,35.54718],[137.87209,35.54784],[137.87228,35.54849],[137.87247,35.54915],[137.87267,35.54981],[137.87286,35.55046],[137.87305,35.55112],[137.8727,35.55122],[137.87195,35.55092],[137.87121,35.55063],[137.87047,35.55033],[137.86965,35.55023],[137.86883,35.55016],[137.868,35.55009],[137.86718,35.55001],[137.86635,35.54994],[137.86553,35.54987],[137.8647,35.54979],[137.86388,35.54972],[137.86306,35.54965],[137.86223,35.54957],[137.86141,35.5495],[137.86058,35.54943],[137.85976,35.54935],[137.85895,35.54923],[137.85815,35.54904],[137.85736,35.54885],[137.85656,35.54866],[137.85577,35.54847],[137.85497,35.54828],[137.85457,35.54885],[137.85417,35.54944],[137.85378,35.55004],[137.85354,35.5506],[137.85421,35.551],[137.85488,35.55139],[137.85556,35.55179],[137.85623,35.55218],[137.8569,35.55258],[137.85757,35.55297],[137.85824,35.55337],[137.85891,35.55376],[137.85959,35.55416],[137.86003,35.55471],[137.8604,35.55532],[137.86077,35.55592],[137.86088,35.55648],[137.86023,35.5569],[137.85958,35.55732],[137.85894,35.55774],[137.85829,35.55816],[137.85758,35.55851],[137.85684,35.55881],[137.8561,35.55911],[137.85535,35.5594],[137.85482,35.55911],[137.85439,35.55854],[137.85396,35.55796],[137.85353,35.55738],[137.8531,35.55681],[137.85267,35.55623],[137.85224,35.55565],[137.85181,35.55508],[137.85138,35.5545],[137.85095,35.55392],[137.85025,35.5536],[137.84949,35.55332],[137.84874,35.55304],[137.84798,35.55277],[137.84723,35.55249],[137.84647,35.55221],[137.84571,35.55193],[137.84496,35.55165],[137.8442,35.55138],[137.84345,35.5511],[137.84269,35.55082],[137.84194,35.55054],[137.84118,35.55027],[137.84043,35.54999],[137.8401,35.55003],[137.84049,35.55063],[137.84088,35.55122],[137.84127,35.55182],[137.84167,35.55241],[137.84206,35.55301],[137.84245,35.5536],[137.84284,35.55419],[137.84324,35.55479],[137.84363,35.55538],[137.84402,35.55598],[137.84441,35.55657],[137.8448,35.55716],[137.8452,35.55776],[137.84559,35.55835],[137.84598,35.55895],[137.84652,35.55942],[137.84727,35.55971],[137.84802,35.56],[137.84876,35.56029],[137.84951,35.56059],[137.85026,35.56088],[137.851,35.56117],[137.85175,35.56146],[137.8525,35.56176],[137.85325,35.56205],[137.85399,35.56234],[137.85474,35.56263],[137.85549,35.56293],[137.85623,35.56322],[137.85698,35.56351],[137.85774,35.56365],[137.85853,35.56345],[137.85932,35.56325],[137.86012,35.56305],[137.86091,35.56284],[137.8617,35.56264],[137.86249,35.56244],[137.86328,35.56224],[137.86407,35.56204],[137.86486,35.56184],[137.86565,35.56163],[137.86643,35.56183],[137.86721,35.56207],[137.86799,35.5623],[137.86877,35.56253],[137.86955,35.56276],[137.87033,35.56267],[137.87112,35.56245],[137.8719,35.56223],[137.87269,35.56202],[137.87347,35.5618],[137.87426,35.56158],[137.87504,35.56137],[137.87583,35.56115],[137.87661,35.56093],[137.8774,35.56072],[137.87818,35.5605],[137.87795,35.5599],[137.87764,35.55927],[137.87733,35.55864],[137.87703,35.55802],[137.87672,35.55739],[137.87642,35.55676],[137.87611,35.55614],[137.87581,35.55551],[137.8755,35.55488],[137.87519,35.55426],[137.87493,35.55364],[137.87563,35.55327],[137.87632,35.5529],[137.87701,35.55252],[137.8777,35.55215],[137.87839,35.55178],[137.87902,35.55183],[137.87957,35.55233],[137.88013,35.55283],[137.88069,35.55333],[137.88121,35.55351],[137.88165,35.55294],[137.88209,35.55237],[137.88253,35.5518],[137.88297,35.55123],[137.88341,35.55065],[137.88333,35.55012],[137.88278,35.54962],[137.88222,35.54911],[137.88167,35.54861],[137.88112,35.54811],[137.88056,35.54761],[137.88001,35.5471],[137.87946,35.5466],[137.8789,35.5461],[137.87835,35.5456],[137.87837,35.545],[137.87864,35.54436],[137.87891,35.54372],[137.87918,35.54309],[137.87945,35.54245],[137.87972,35.54181],[137.87999,35.54117],[137.88034,35.5413],[137.88075,35.54189],[137.88115,35.54248],[137.88156,35.54307],[137.88196,35.54366],[137.88237,35.54424],[137.88277,35.54483],[137.88318,35.54542],[137.88358,35.54601],[137.88399,35.5466],[137.88439,35.54719],[137.8848,35.54778],[137.8852,35.54836],[137.88561,35.54895],[137.88601,35.54954],[137.88642,35.55013],[137.88698,35.55058],[137.88773,35.55087],[137.88848,35.55115],[137.88873,35.55125]]}},{"type":"Feature","properties":{"id":"Minamishinshutakamori1_50","name":"K3 おはようバス 山吹回り","agency":"高森町","verdict":"適","accuracy":"B","L":8.5,"trips":1,"batt":7,"charges":0,"etr":3.7787,"regen":2.5094,"ew":3.5292,"mg":0.068085},"geometry":{"type":"LineString","coordinates":[[137.88066,35.57097],[137.88088,35.57111],[137.88109,35.57126],[137.8813,35.5714],[137.88151,35.57154],[137.88173,35.57169],[137.88194,35.57183],[137.88215,35.57198],[137.88236,35.57212],[137.88258,35.57226],[137.88279,35.57241],[137.883,35.57255],[137.88321,35.57269],[137.88343,35.57284],[137.88364,35.57298],[137.88385,35.57313],[137.88406,35.57327],[137.88428,35.57341],[137.88427,35.57352],[137.884,35.57357],[137.88373,35.57363],[137.88347,35.57368],[137.8832,35.57374],[137.88293,35.57379],[137.88266,35.57385],[137.88239,35.5739],[137.88213,35.57396],[137.88186,35.57401],[137.88159,35.57406],[137.88132,35.57412],[137.88105,35.57417],[137.88078,35.57423],[137.88052,35.57428],[137.88025,35.57434],[137.87998,35.57439],[137.87971,35.57445],[137.87944,35.5745],[137.87918,35.57456],[137.87891,35.57461],[137.87864,35.57467],[137.87837,35.57472],[137.8781,35.57478],[137.87784,35.57483],[137.87757,35.57489],[137.8773,35.57494],[137.87703,35.575],[137.87676,35.57505],[137.8765,35.57511],[137.87623,35.57516],[137.87629,35.57533],[137.87642,35.57553],[137.87655,35.57573],[137.87668,35.57593],[137.87681,35.57613],[137.87694,35.57633],[137.87707,35.57652],[137.8772,35.57672],[137.87733,35.57692],[137.87746,35.57712],[137.87759,35.57732],[137.87772,35.57752],[137.87785,35.57771],[137.87798,35.57791],[137.87811,35.57811],[137.87824,35.57831],[137.87837,35.57851],[137.8785,35.57871],[137.87863,35.5789],[137.87876,35.5791],[137.87889,35.5793],[137.87902,35.5795],[137.87915,35.5797],[137.87928,35.5799],[137.87941,35.58009],[137.87954,35.58029],[137.87967,35.58049],[137.8798,35.58069],[137.87993,35.58089],[137.88006,35.58109],[137.88019,35.58129],[137.88032,35.58148],[137.88045,35.58168],[137.88058,35.58188],[137.88071,35.58208],[137.88084,35.58228],[137.88097,35.58248],[137.8811,35.58267],[137.88123,35.58287],[137.88136,35.58307],[137.88149,35.58327],[137.88162,35.58347],[137.88175,35.58367],[137.88188,35.58386],[137.88201,35.58406],[137.88214,35.58426],[137.88227,35.58446],[137.8824,35.58466],[137.88253,35.58486],[137.88265,35.58506],[137.88275,35.58527],[137.88286,35.58548],[137.88296,35.58568],[137.88306,35.58589],[137.88317,35.5861],[137.88327,35.58631],[137.88337,35.58652],[137.88348,35.58673],[137.88358,35.58694],[137.88368,35.58714],[137.88379,35.58735],[137.88389,35.58756],[137.88399,35.58777],[137.8841,35.58798],[137.88421,35.58806],[137.88436,35.58787],[137.8845,35.58768],[137.88465,35.58749],[137.8848,35.5873],[137.88494,35.5871],[137.88509,35.58691],[137.88523,35.58672],[137.88538,35.58653],[137.88553,35.58634],[137.88567,35.58615],[137.88582,35.58596],[137.88596,35.58577],[137.88611,35.58558],[137.88626,35.58539],[137.8864,35.58519],[137.88655,35.585],[137.88669,35.58481],[137.88684,35.58462],[137.88699,35.58443],[137.88713,35.58424],[137.88728,35.58405],[137.88742,35.58386],[137.88757,35.58367],[137.88772,35.58348],[137.88786,35.58329],[137.88797,35.58308],[137.88807,35.58287],[137.88818,35.58266],[137.88828,35.58245],[137.88838,35.58224],[137.88848,35.58204],[137.88859,35.58183],[137.88869,35.58162],[137.88879,35.58141],[137.8889,35.5812],[137.889,35.58099],[137.8891,35.58078],[137.88921,35.58058],[137.88931,35.58037],[137.88941,35.58016],[137.88952,35.57995],[137.88962,35.57974],[137.88972,35.57953],[137.88983,35.57932],[137.88993,35.57912],[137.89003,35.57891],[137.89014,35.5787],[137.89024,35.57849],[137.89034,35.57828],[137.89045,35.57807],[137.89039,35.57786],[137.8903,35.57765],[137.89022,35.57743],[137.89013,35.57722],[137.89004,35.57701],[137.88995,35.5768],[137.88986,35.57658],[137.88977,35.57637],[137.88969,35.57616],[137.8896,35.57594],[137.88951,35.57573],[137.88942,35.57552],[137.88933,35.5753],[137.88924,35.57509],[137.88916,35.57488],[137.88907,35.57466],[137.88898,35.57445],[137.88889,35.57424],[137.8888,35.57403],[137.88872,35.57381],[137.88863,35.5736],[137.88854,35.57339],[137.88845,35.57317],[137.88836,35.57296],[137.88827,35.57275],[137.88819,35.57253],[137.8881,35.57232],[137.88801,35.57211],[137.88816,35.57211],[137.88841,35.57219],[137.88867,35.57228],[137.88892,35.57237],[137.88918,35.57246],[137.88943,35.57255],[137.88968,35.57264],[137.88994,35.57273],[137.89019,35.57282],[137.89045,35.57291],[137.8907,35.57299],[137.89095,35.57308],[137.89121,35.57317],[137.89146,35.57326],[137.89172,35.57335],[137.89197,35.57344],[137.89222,35.57353],[137.89248,35.57362],[137.89273,35.5737],[137.89299,35.57379],[137.89324,35.57388],[137.89349,35.57397],[137.89375,35.57406],[137.89399,35.57411],[137.89416,35.57393],[137.89433,35.57376],[137.8945,35.57358],[137.89467,35.5734],[137.89484,35.57322],[137.895,35.57305],[137.89517,35.57287],[137.89534,35.57269],[137.89551,35.57251],[137.89568,35.57233],[137.89584,35.57216],[137.89571,35.57196],[137.89558,35.57176],[137.89545,35.57156],[137.89532,35.57137],[137.89518,35.57117],[137.89505,35.57097],[137.89492,35.57077],[137.89479,35.57058],[137.89465,35.57038],[137.89452,35.57018],[137.89439,35.56998],[137.89426,35.56979],[137.89412,35.56959],[137.89399,35.56939],[137.89386,35.56919],[137.89373,35.569],[137.89359,35.5688],[137.89346,35.5686],[137.89333,35.56841],[137.8932,35.56821],[137.89307,35.56801],[137.89293,35.56781],[137.8928,35.56762],[137.89267,35.56742],[137.89254,35.56722],[137.8924,35.56702],[137.89227,35.56683],[137.89214,35.56663],[137.89201,35.56643],[137.89187,35.56623],[137.89174,35.56604],[137.89161,35.56584],[137.89148,35.56564],[137.89134,35.56544],[137.89121,35.56525],[137.89108,35.56505],[137.89095,35.56485],[137.89082,35.56465],[137.89068,35.56446],[137.89055,35.56426],[137.89042,35.56406],[137.89029,35.56387],[137.89015,35.56367],[137.89002,35.56347],[137.88989,35.56327],[137.88976,35.56308],[137.88962,35.56288],[137.88949,35.56268],[137.88936,35.56248],[137.88923,35.56229],[137.88909,35.56209],[137.88896,35.56189],[137.88883,35.56169],[137.8887,35.5615],[137.88857,35.5613],[137.88843,35.5611],[137.8883,35.5609],[137.88817,35.56071],[137.88804,35.56051],[137.8879,35.56031],[137.88777,35.56012],[137.88764,35.55992],[137.88751,35.55972],[137.88737,35.55952],[137.88739,35.55934],[137.88757,35.55917],[137.88775,35.559],[137.88793,35.55883],[137.88811,35.55865],[137.88829,35.55848],[137.88847,35.55831],[137.88865,35.55814],[137.88883,35.55797],[137.88901,35.5578],[137.88919,35.55763],[137.88937,35.55746],[137.88942,35.55727],[137.88934,35.55705],[137.88926,35.55684],[137.88917,35.55662],[137.88909,35.55641],[137.88901,35.55619],[137.88892,35.55598],[137.88884,35.55577],[137.88876,35.55555],[137.88868,35.55534],[137.88859,35.55512],[137.88851,35.55491],[137.88843,35.55469],[137.88835,35.55448],[137.88826,35.55426],[137.88818,35.55405],[137.8881,35.55383],[137.88802,35.55362],[137.88793,35.5534],[137.88785,35.55319],[137.88777,35.55298],[137.88769,35.55276],[137.8876,35.55255],[137.88752,35.55233],[137.88744,35.55212],[137.88736,35.5519],[137.88727,35.55169],[137.88719,35.55147],[137.88711,35.55126],[137.88703,35.55104],[137.88694,35.55083],[137.88686,35.55062],[137.88678,35.5504],[137.8867,35.55019],[137.88661,35.54997],[137.88653,35.54976],[137.88645,35.54954]]}},{"type":"Feature","properties":{"id":"Minamishinshutakamori1_51","name":"K4 おはようバス 市田回り","agency":"高森町","verdict":"適","accuracy":"B","L":8,"trips":2,"batt":5,"charges":0,"etr":2.4404,"regen":2.0854,"ew":2.4883,"mg":0.066699},"geometry":{"type":"LineString","coordinates":[[137.87064,35.56741],[137.87048,35.56722],[137.87032,35.56704],[137.87017,35.56685],[137.87001,35.56667],[137.86985,35.56648],[137.86969,35.5663],[137.86954,35.56611],[137.86938,35.56593],[137.86922,35.56574],[137.86906,35.56556],[137.86891,35.56537],[137.86875,35.56519],[137.86859,35.565],[137.86844,35.56482],[137.86828,35.56463],[137.86812,35.56445],[137.86796,35.56427],[137.86781,35.56408],[137.86765,35.5639],[137.86749,35.56371],[137.86733,35.56353],[137.86718,35.56334],[137.86702,35.56316],[137.86686,35.56297],[137.8667,35.56279],[137.86655,35.5626],[137.86639,35.56242],[137.86623,35.56223],[137.86608,35.56205],[137.86592,35.56186],[137.86576,35.56168],[137.86553,35.56166],[137.86527,35.56173],[137.865,35.56179],[137.86474,35.56186],[137.86447,35.56192],[137.86421,35.56199],[137.86394,35.56205],[137.86368,35.56212],[137.86341,35.56218],[137.86315,35.56225],[137.86288,35.56231],[137.86262,35.56238],[137.86235,35.56244],[137.86209,35.5625],[137.86182,35.56257],[137.86156,35.56263],[137.8613,35.5627],[137.86103,35.56276],[137.86077,35.56283],[137.8605,35.56289],[137.86024,35.56296],[137.85997,35.56302],[137.85971,35.56309],[137.85944,35.56315],[137.85918,35.56322],[137.85891,35.56328],[137.85865,35.56335],[137.85838,35.56341],[137.85812,35.56348],[137.85785,35.56354],[137.85759,35.56361],[137.85743,35.56348],[137.85731,35.56327],[137.85719,35.56307],[137.85707,35.56287],[137.85696,35.56266],[137.85684,35.56246],[137.85672,35.56226],[137.8566,35.56205],[137.85648,35.56185],[137.85636,35.56165],[137.85624,35.56145],[137.85613,35.56124],[137.85601,35.56104],[137.85589,35.56084],[137.85577,35.56063],[137.85565,35.56043],[137.85553,35.56023],[137.85541,35.56002],[137.8553,35.55982],[137.85518,35.55962],[137.85505,35.55942],[137.8549,35.55923],[137.85476,35.55903],[137.85462,35.55884],[137.85447,35.55865],[137.85433,35.55846],[137.85419,35.55827],[137.85404,35.55807],[137.8539,35.55788],[137.85376,35.55769],[137.85361,35.5575],[137.85347,35.5573],[137.85333,35.55711],[137.85318,35.55692],[137.85304,35.55673],[137.8529,35.55654],[137.85275,35.55634],[137.85261,35.55615],[137.85247,35.55596],[137.85232,35.55577],[137.85218,35.55557],[137.85204,35.55538],[137.85189,35.55519],[137.85175,35.555],[137.85161,35.55481],[137.85146,35.55461],[137.85132,35.55442],[137.85118,35.55423],[137.85103,35.55404],[137.85089,35.55384],[137.85114,35.55384],[137.85141,35.55386],[137.85169,35.55387],[137.85197,35.55388],[137.85224,35.5539],[137.85252,35.55391],[137.85279,35.55392],[137.85307,35.55394],[137.85335,35.55395],[137.85362,35.55396],[137.8539,35.55398],[137.85417,35.55399],[137.85445,35.554],[137.85472,35.55402],[137.855,35.55403],[137.85528,35.55404],[137.85555,35.55406],[137.85583,35.55407],[137.8561,35.55408],[137.85638,35.5541],[137.85666,35.55411],[137.85693,35.55412],[137.85721,35.55414],[137.85748,35.55415],[137.85776,35.55416],[137.85804,35.55418],[137.85831,35.55419],[137.85859,35.5542],[137.85886,35.55422],[137.85914,35.55423],[137.85941,35.55424],[137.85969,35.55426],[137.85995,35.55433],[137.8602,35.55443],[137.86045,35.55452],[137.8607,35.55462],[137.86095,35.55472],[137.8612,35.55481],[137.86145,35.55491],[137.8617,35.555],[137.86195,35.5551],[137.8622,35.5552],[137.86245,35.55529],[137.8627,35.55539],[137.86295,35.55548],[137.8632,35.55558],[137.86345,35.55568],[137.8637,35.55577],[137.86395,35.55587],[137.8642,35.55596],[137.86445,35.55606],[137.8647,35.55615],[137.86495,35.55625],[137.8652,35.55635],[137.86544,35.55644],[137.86568,35.55655],[137.86581,35.55675],[137.86594,35.55695],[137.86606,35.55715],[137.86619,35.55735],[137.86632,35.55755],[137.86645,35.55775],[137.86658,35.55795],[137.86671,35.55814],[137.86684,35.55834],[137.86697,35.55854],[137.8671,35.55874],[137.86723,35.55894],[137.86736,35.55914],[137.86749,35.55934],[137.86761,35.55954],[137.86774,35.55973],[137.86787,35.55993],[137.868,35.56013],[137.86813,35.56033],[137.86826,35.56053],[137.86839,35.56073],[137.86852,35.56093],[137.86865,35.56113],[137.86878,35.56132],[137.86891,35.56152],[137.86904,35.56172],[137.86916,35.56192],[137.86929,35.56212],[137.86942,35.56232],[137.86955,35.56252],[137.86968,35.56272],[137.86987,35.56279],[137.87013,35.56272],[137.87039,35.56265],[137.87065,35.56258],[137.87092,35.5625],[137.87118,35.56243],[137.87144,35.56236],[137.8717,35.56229],[137.87196,35.56222],[137.87222,35.56214],[137.87249,35.56207],[137.87275,35.562],[137.87301,35.56193],[137.87327,35.56185],[137.87353,35.56178],[137.8738,35.56171],[137.87406,35.56164],[137.87432,35.56157],[137.87458,35.56149],[137.87484,35.56142],[137.8751,35.56135],[137.87537,35.56128],[137.87563,35.5612],[137.87589,35.56113],[137.87615,35.56106],[137.87641,35.56099],[137.87667,35.56092],[137.87694,35.56084],[137.8772,35.56077],[137.87746,35.5607],[137.87772,35.56063],[137.87798,35.56055],[137.87823,35.56048],[137.87813,35.56027],[137.87802,35.56006],[137.87792,35.55985],[137.87782,35.55964],[137.87772,35.55943],[137.87762,35.55922],[137.87751,35.55901],[137.87741,35.5588],[137.87731,35.55859],[137.87721,35.55839],[137.87711,35.55818],[137.877,35.55797],[137.8769,35.55776],[137.8768,35.55755],[137.8767,35.55734],[137.8766,35.55713],[137.87649,35.55692],[137.87639,35.55671],[137.87629,35.5565],[137.87619,35.5563],[137.87609,35.55609],[137.87598,35.55588],[137.87588,35.55567],[137.87578,35.55546],[137.87568,35.55525],[137.87558,35.55504],[137.87548,35.55483],[137.87537,35.55462],[137.87527,35.55441],[137.87517,35.55421],[137.87507,35.554],[137.87497,35.55379],[137.87499,35.55361],[137.87522,35.55349],[137.87545,35.55336],[137.87568,35.55324],[137.87591,35.55311],[137.87614,35.55299],[137.87637,35.55287],[137.8766,35.55274],[137.87683,35.55262],[137.87706,35.55249],[137.87729,35.55237],[137.87752,35.55225],[137.87776,35.55212],[137.87799,35.552],[137.87822,35.55187],[137.87845,35.55175],[137.87868,35.55163],[137.87888,35.5517],[137.87906,35.55187],[137.87925,35.55204],[137.87943,35.5522],[137.87962,35.55237],[137.8798,35.55254],[137.87999,35.5527],[137.88018,35.55287],[137.88036,35.55304],[137.88055,35.5532],[137.88073,35.55337],[137.88092,35.55354],[137.88111,35.55366],[137.8813,35.55351],[137.8815,35.55335],[137.8817,35.55319],[137.8819,35.55304],[137.8821,35.55288],[137.8823,35.55272],[137.88249,35.55257],[137.88269,35.55241],[137.88289,35.55225],[137.88309,35.55209],[137.88329,35.55194],[137.88348,35.55178],[137.88368,35.55162],[137.88388,35.55147],[137.88408,35.55131],[137.88428,35.55115],[137.88447,35.551],[137.88467,35.55084],[137.88487,35.55068],[137.88507,35.55053],[137.88527,35.55037],[137.88546,35.55021],[137.88566,35.55006],[137.88586,35.5499],[137.88606,35.54974],[137.88626,35.54959]]}},{"type":"Feature","properties":{"id":"Minamishinshutoyooka1_84","name":"T2豊丘村村営バス滝川阿島北県道線","agency":"豊丘村","verdict":"適","accuracy":"A","L":13.2,"trips":2,"batt":15,"charges":0,"etr":6.2519,"regen":1.4235,"ew":8.1284,"mg":0.081059},"geometry":{"type":"LineString","coordinates":[[137.89519,35.55128],[137.89487,35.55105],[137.89453,35.55095],[137.8944,35.55051],[137.89422,35.55009],[137.89399,35.54968],[137.89445,35.54955],[137.89499,35.54944],[137.89552,35.54931],[137.89601,35.54925],[137.89642,35.54955],[137.89687,35.54981],[137.89733,35.55006],[137.89778,35.55032],[137.8981,35.55068],[137.8983,35.5511],[137.89849,35.55152],[137.89868,35.55194],[137.89887,35.55237],[137.89906,35.55279],[137.89925,35.55321],[137.89944,35.55363],[137.89963,35.55406],[137.89982,35.55448],[137.90007,35.55488],[137.90036,35.55527],[137.90064,35.55565],[137.90092,35.55604],[137.90121,35.55642],[137.90152,35.55679],[137.90188,35.55713],[137.90224,35.55747],[137.90261,35.55781],[137.90297,35.55815],[137.90333,35.55849],[137.9037,35.55883],[137.90406,35.55917],[137.90443,35.5595],[137.90482,35.55982],[137.90528,35.56006],[137.90557,35.56044],[137.90582,35.56084],[137.90607,35.56124],[137.90633,35.56164],[137.90665,35.56201],[137.90697,35.56238],[137.90729,35.56274],[137.90761,35.56311],[137.90793,35.56348],[137.90824,35.56385],[137.90852,35.56423],[137.90878,35.56463],[137.90904,35.56503],[137.9093,35.56542],[137.9097,35.56573],[137.91013,35.56602],[137.91054,35.56632],[137.91087,35.56667],[137.91113,35.56707],[137.91138,35.56748],[137.91163,35.56788],[137.91189,35.56827],[137.91215,35.56867],[137.91241,35.56907],[137.91266,35.56947],[137.91298,35.56983],[137.91339,35.57013],[137.91385,35.57038],[137.91435,35.57057],[137.91486,35.57074],[137.91538,35.5709],[137.91589,35.57106],[137.91639,35.57127],[137.91686,35.5715],[137.91728,35.5718],[137.91775,35.57203],[137.91828,35.57213],[137.91882,35.57224],[137.91916,35.57256],[137.91916,35.57301],[137.91913,35.57346],[137.91911,35.57391],[137.91908,35.57436],[137.91914,35.5748],[137.9192,35.57525],[137.91919,35.5757],[137.91933,35.57612],[137.91981,35.57633],[137.92009,35.57669],[137.92019,35.57714],[137.92037,35.57756],[137.92076,35.57787],[137.92121,35.578],[137.92173,35.57789],[137.92228,35.57791],[137.92274,35.57767],[137.92315,35.57737],[137.92359,35.5771],[137.92408,35.57688],[137.92455,35.57666],[137.92494,35.57634],[137.92472,35.57624],[137.92424,35.57646],[137.92372,35.57658],[137.92331,35.57646],[137.9232,35.57652],[137.92362,35.5765],[137.92412,35.57651],[137.9246,35.5763],[137.92503,35.57626],[137.92466,35.5766],[137.9242,35.57684],[137.92371,35.57705],[137.92325,35.57729],[137.92285,35.5776],[137.92241,35.57787],[137.92187,35.57791],[137.92133,35.57795],[137.92087,35.57793],[137.92045,35.57765],[137.92021,35.57725],[137.92012,35.5768],[137.91992,35.5764],[137.91943,35.57619],[137.9192,35.57581],[137.9192,35.57536],[137.91915,35.57491],[137.9191,35.57447],[137.9191,35.57402],[137.91913,35.57357],[137.91915,35.57312],[137.91917,35.57267],[137.91893,35.57229],[137.91842,35.57214],[137.91787,35.57207],[137.91738,35.57187],[137.91697,35.57157],[137.9165,35.57133],[137.91602,35.57111],[137.91551,35.57094],[137.91499,35.57078],[137.91448,35.57061],[137.91397,35.57043],[137.9135,35.5702],[137.91308,35.56991],[137.91273,35.56956],[137.91247,35.56917],[137.91221,35.56877],[137.91195,35.56837],[137.91169,35.56797],[137.91144,35.56758],[137.91119,35.56717],[137.91094,35.56677],[137.91064,35.5664],[137.91023,35.56609],[137.90981,35.5658],[137.90939,35.56551],[137.9091,35.56513],[137.90884,35.56473],[137.90858,35.56433],[137.90832,35.56394],[137.908,35.56357],[137.90769,35.5632],[137.90737,35.56283],[137.90705,35.56247],[137.90673,35.5621],[137.90641,35.56173],[137.90613,35.56134],[137.90588,35.56094],[137.90563,35.56054],[137.90537,35.56014],[137.90493,35.55988],[137.90452,35.55959],[137.90415,35.55925],[137.90379,35.55891],[137.90342,35.55857],[137.90306,35.55823],[137.9027,35.55789],[137.90233,35.55756],[137.90197,35.55722],[137.9016,35.55688],[137.90128,35.55651],[137.90099,35.55613],[137.90071,35.55575],[137.90043,35.55536],[137.90014,35.55497],[137.89988,35.55458],[137.89967,35.55416],[137.89949,35.55374],[137.8993,35.55332],[137.89911,35.55289],[137.89892,35.55247],[137.89873,35.55205],[137.89854,35.55163],[137.89835,35.5512],[137.89815,35.55078],[137.89788,35.5504],[137.89744,35.55012],[137.89699,35.54987],[137.89653,35.54961],[137.89609,35.54934],[137.8959,35.54893],[137.89576,35.54849],[137.89563,35.54805],[137.89549,35.54762],[137.89535,35.54718],[137.8952,35.54675],[137.89502,35.54633],[137.89485,35.5459],[137.89472,35.54546],[137.89462,35.54502],[137.89451,35.54458],[137.89439,35.54414],[137.8942,35.54372],[137.894,35.5433],[137.8938,35.54288],[137.89356,35.54248],[137.89313,35.5422],[137.89263,35.542],[137.89218,35.54176],[137.89193,35.54136],[137.89175,35.54094],[137.89156,35.54059],[137.89129,35.54021],[137.89093,35.53986],[137.89045,35.53965],[137.88997,35.53944],[137.88976,35.53903],[137.8897,35.53859],[137.88964,35.53814],[137.88962,35.53769],[137.88962,35.53724],[137.8896,35.53679],[137.88959,35.53634],[137.88951,35.5359],[137.88935,35.53547],[137.88919,35.53504],[137.88902,35.53461],[137.88885,35.53418],[137.88868,35.53375],[137.88851,35.53332],[137.88834,35.5329],[137.88817,35.53247],[137.888,35.53204],[137.88784,35.53161],[137.88767,35.53118],[137.8875,35.53075],[137.88727,35.53035],[137.88702,35.52995],[137.88676,35.52955],[137.88651,35.52915],[137.88629,35.52874],[137.88614,35.5283],[137.886,35.52787],[137.88585,35.52744],[137.8857,35.527],[137.88555,35.52657],[137.8854,35.52614],[137.88524,35.52571],[137.88509,35.52527],[137.88457,35.52533],[137.88402,35.52542],[137.8835,35.52555],[137.88306,35.52582],[137.88262,35.52609]]}},{"type":"Feature","properties":{"id":"Minamishinshutoyooka1_85","name":"T3豊丘村村営バス堀越線","agency":"豊丘村","verdict":"適","accuracy":"A","L":17.7,"trips":8,"batt":13,"charges":0,"etr":6.4996,"regen":4.2614,"ew":6.657,"mg":0.081059},"geometry":{"type":"LineString","coordinates":[[137.93927,35.55497],[137.93868,35.55544],[137.93813,35.55593],[137.93739,35.55619],[137.93658,35.55631],[137.93582,35.55657],[137.93503,35.55641],[137.9344,35.55597],[137.93361,35.5558],[137.93293,35.55609],[137.93213,35.5562],[137.93194,35.55678],[137.93199,35.55744],[137.93128,35.55737],[137.93052,35.55716],[137.92994,35.55762],[137.92949,35.55819],[137.92905,35.55876],[137.92868,35.55936],[137.92816,35.55988],[137.92759,35.56035],[137.92682,35.56016],[137.92615,35.55976],[137.92545,35.55941],[137.92472,35.55908],[137.92393,35.55901],[137.92313,35.55899],[137.92254,35.55855],[137.92189,35.55821],[137.92108,35.5583],[137.92032,35.55805],[137.91951,35.55792],[137.91884,35.55828],[137.91813,35.55859],[137.91747,35.55886],[137.91665,35.55879],[137.91582,35.55882],[137.91522,35.55923],[137.91469,35.55962],[137.91389,35.55949],[137.9131,35.5593],[137.91249,35.5589],[137.91167,35.55888],[137.91094,35.55919],[137.91041,35.55959],[137.90991,35.56009],[137.90958,35.56068],[137.90891,35.56095],[137.90823,35.561],[137.90784,35.56159],[137.90762,35.56224],[137.90729,35.56274],[137.90777,35.56329],[137.90824,35.56385],[137.90865,35.56443],[137.90904,35.56503],[137.9095,35.56558],[137.91013,35.56602],[137.91072,35.56649],[137.91113,35.56708],[137.9115,35.56768],[137.91189,35.56827],[137.91228,35.56887],[137.91266,35.56947],[137.91318,35.56999],[137.91385,35.57038],[137.91461,35.57066],[137.91538,35.5709],[137.91615,35.57116],[137.91686,35.5715],[137.9175,35.57193],[137.91828,35.57213],[137.91904,35.57237],[137.91916,35.57301],[137.91912,35.57368],[137.91908,35.57436],[137.91917,35.57503],[137.91919,35.5757],[137.91955,35.57625],[137.92009,35.5767],[137.92025,35.57736],[137.92076,35.57787],[137.92146,35.57791],[137.92228,35.57791],[137.92295,35.57752],[137.92359,35.5771],[137.92433,35.5768],[137.92494,35.57634],[137.92448,35.57635],[137.92372,35.57658],[137.92307,35.57657],[137.92362,35.5765],[137.92436,35.57641],[137.92503,35.57626],[137.92444,35.57673],[137.92371,35.57705],[137.92305,35.57745],[137.9224,35.57787],[137.92159,35.57788],[137.92087,35.57793],[137.92029,35.57746],[137.92012,35.5768],[137.91968,35.57629],[137.9192,35.57581],[137.91919,35.57514],[137.9191,35.57447],[137.91911,35.57379],[137.91915,35.57312],[137.91912,35.57245],[137.91842,35.57214],[137.91762,35.57198],[137.91697,35.57157],[137.91626,35.57121],[137.91551,35.57094],[137.91473,35.5707],[137.91397,35.57043],[137.91328,35.57006],[137.91273,35.56956],[137.91234,35.56897],[137.91195,35.56837],[137.91156,35.56777],[137.91119,35.56717],[137.9108,35.56658],[137.91023,35.56609],[137.9096,35.56566],[137.9091,35.56512],[137.90871,35.56453],[137.90832,35.56394],[137.90785,35.56338],[137.90737,35.56283],[137.90689,35.56228],[137.90641,35.56173],[137.90601,35.56114],[137.90563,35.56054],[137.90517,35.56],[137.90452,35.55959],[137.90397,35.55908],[137.90342,35.55857],[137.90288,35.55806],[137.90233,35.55756],[137.90179,35.55705],[137.90128,35.55651],[137.90085,35.55594],[137.90042,35.55536],[137.9,35.55478],[137.89967,35.55416],[137.89939,35.55353],[137.89911,35.55289],[137.89882,35.55226],[137.89854,35.55163],[137.89825,35.55099],[137.89788,35.5504],[137.89721,35.55],[137.89653,35.54961],[137.89597,35.54914],[137.89576,35.54849],[137.89556,35.54783],[137.89535,35.54718],[137.89511,35.54654],[137.89485,35.5459],[137.89467,35.54524],[137.89451,35.54458],[137.8943,35.54393],[137.894,35.5433],[137.8937,35.54267],[137.89313,35.5422],[137.89239,35.54189],[137.89193,35.54136],[137.89171,35.54074],[137.89103,35.54106],[137.8904,35.54149],[137.89056,35.54206],[137.89081,35.5427],[137.89111,35.54333],[137.89093,35.5438],[137.89122,35.54443],[137.89148,35.545],[137.89202,35.54521],[137.89232,35.54584],[137.89262,35.54647],[137.89293,35.5471],[137.89323,35.54772],[137.89353,35.54835],[137.89369,35.54901],[137.89397,35.54964],[137.89317,35.54983],[137.89237,35.55003],[137.89158,35.55021],[137.89078,35.5504],[137.88998,35.55058],[137.88924,35.55076],[137.88922,35.55139],[137.88903,35.55127],[137.889,35.55139],[137.88877,35.55191],[137.88804,35.55223],[137.88722,35.55226],[137.88681,35.55194],[137.88675,35.55126],[137.8866,35.5506],[137.88649,35.55008],[137.8873,35.55021],[137.88811,35.55035],[137.88892,35.55049],[137.88941,35.5509],[137.89004,35.55057],[137.89083,35.55038],[137.89163,35.5502],[137.89243,35.55001],[137.89322,35.54982],[137.89394,35.5496],[137.89368,35.54897],[137.89351,35.54831],[137.89321,35.54768],[137.89291,35.54705],[137.8926,35.54643],[137.8923,35.5458],[137.89199,35.54517],[137.89143,35.54502],[137.89083,35.54501],[137.89057,35.54437],[137.89067,35.54388],[137.89112,35.54422],[137.89134,35.54486],[137.89191,35.545],[137.89222,35.54563],[137.89252,35.54626],[137.89282,35.54688],[137.89313,35.54751],[137.89343,35.54814],[137.89365,35.54879],[137.89385,35.54944],[137.89419,35.55005],[137.89445,35.55069],[137.89465,35.55135],[137.89508,35.55167],[137.89526,35.55139]]}},{"type":"Feature","properties":{"id":"Minamishinshutoyooka1_86","name":"T4豊丘村村営バス佐原線","agency":"豊丘村","verdict":"適","accuracy":"A","L":14.3,"trips":8,"batt":8,"charges":0,"etr":5.7569,"regen":4.9346,"ew":4.3847,"mg":0.06446},"geometry":{"type":"LineString","coordinates":[[137.93854,35.54735],[137.93827,35.54722],[137.93775,35.54709],[137.93728,35.54685],[137.93676,35.54669],[137.93623,35.54658],[137.93595,35.54622],[137.93563,35.54586],[137.9351,35.54572],[137.93461,35.54561],[137.9341,35.54575],[137.93368,35.54576],[137.93354,35.54533],[137.93329,35.54493],[137.93295,35.54463],[137.93242,35.54451],[137.93187,35.54445],[137.93132,35.54443],[137.93078,35.54452],[137.93037,35.54425],[137.93023,35.54382],[137.93013,35.54338],[137.93006,35.54293],[137.93008,35.54248],[137.9301,35.54203],[137.9304,35.54167],[137.93065,35.54128],[137.93112,35.54107],[137.93151,35.54077],[137.93187,35.54043],[137.93234,35.5402],[137.93283,35.53998],[137.9331,35.5396],[137.93294,35.53971],[137.93285,35.54006],[137.93255,35.5404],[137.9329,35.54051],[137.93325,35.54016],[137.93361,35.53982],[137.93398,35.53949],[137.93445,35.53928],[137.93499,35.53925],[137.93528,35.53889],[137.93552,35.53848],[137.93578,35.53808],[137.93612,35.53773],[137.93654,35.53744],[137.93688,35.5371],[137.9374,35.53699],[137.93788,35.53677],[137.93823,35.53644],[137.93867,35.53621],[137.9389,35.5358],[137.93919,35.53542],[137.93918,35.53525],[137.93871,35.53549],[137.93839,35.53585],[137.93793,35.5361],[137.93741,35.53625],[137.93689,35.5364],[137.93637,35.53636],[137.93584,35.53644],[137.93544,35.53614],[137.93492,35.53628],[137.93438,35.53636],[137.93401,35.53669],[137.93363,35.53701],[137.93314,35.53721],[137.93262,35.53735],[137.93222,35.53765],[137.93171,35.53781],[137.93127,35.53777],[137.93104,35.53738],[137.931,35.53693],[137.93068,35.5367],[137.93028,35.537],[137.92981,35.53724],[137.92944,35.53702],[137.9292,35.53663],[137.92868,35.53664],[137.9282,35.53648],[137.92798,35.53607],[137.92769,35.53569],[137.92727,35.5354],[137.92683,35.53512],[137.92635,35.53491],[137.92586,35.53469],[137.92534,35.53467],[137.92495,35.53499],[137.92456,35.53531],[137.92417,35.53563],[137.92372,35.53589],[137.92326,35.53614],[137.9228,35.53639],[137.92234,35.53663],[137.92188,35.53688],[137.92142,35.53713],[137.92092,35.53732],[137.92039,35.5374],[137.91984,35.53735],[137.91931,35.53744],[137.91883,35.53767],[137.91836,35.5379],[137.91784,35.53804],[137.91734,35.53786],[137.91695,35.53755],[137.91649,35.53733],[137.91597,35.53748],[137.91546,35.53764],[137.91494,35.53782],[137.9145,35.53808],[137.914,35.53822],[137.9135,35.53804],[137.91301,35.53783],[137.91251,35.53765],[137.91224,35.53797],[137.91214,35.53836],[137.91163,35.53853],[137.91115,35.53833],[137.91076,35.53863],[137.91043,35.53895],[137.90994,35.5389],[137.90947,35.53912],[137.90951,35.53943],[137.90983,35.5398],[137.91012,35.54018],[137.91017,35.54028],[137.9099,35.53988],[137.90958,35.53952],[137.90931,35.53914],[137.90881,35.53934],[137.90829,35.53948],[137.90774,35.53944],[137.90722,35.53929],[137.90672,35.5391],[137.9062,35.53895],[137.90567,35.53902],[137.90516,35.5392],[137.90472,35.53947],[137.90429,35.53975],[137.90387,35.54004],[137.90344,35.54033],[137.903,35.5406],[137.90253,35.54084],[137.90203,35.54101],[137.90149,35.54111],[137.90095,35.54122],[137.90044,35.54138],[137.8999,35.54142],[137.89936,35.54132],[137.89884,35.54141],[137.89832,35.54153],[137.89779,35.54165],[137.89728,35.54183],[137.8968,35.54205],[137.8963,35.54224],[137.89579,35.5424],[137.89534,35.54266],[137.89492,35.54295],[137.89473,35.54333],[137.89485,35.54377],[137.89499,35.54421],[137.89504,35.54465],[137.89508,35.5451],[137.89536,35.54548],[137.89579,35.54577],[137.89584,35.54618],[137.89539,35.5464],[137.89516,35.54667],[137.89532,35.5471],[137.89547,35.54753],[137.8956,35.54797],[137.89574,35.5484],[137.89587,35.54884],[137.89589,35.54922],[137.89536,35.54935],[137.89483,35.54947],[137.89429,35.54958],[137.89388,35.54948],[137.89371,35.54906],[137.89361,35.54862],[137.89345,35.54819],[137.89325,35.54777],[137.89305,35.54735],[137.89285,35.54693],[137.89265,35.54651],[137.89244,35.5461],[137.89224,35.54568],[137.89204,35.54526],[137.8918,35.54491],[137.89128,35.54507],[137.89086,35.5451],[137.8907,35.54467],[137.89051,35.54425],[137.89056,35.54392],[137.89099,35.54392],[137.89118,35.54434],[137.89132,35.54477],[137.89123,35.54509],[137.89084,35.54505],[137.89069,35.54462],[137.89049,35.5442],[137.89027,35.54379],[137.89003,35.54338],[137.88984,35.54297],[137.89035,35.5428],[137.89082,35.54272],[137.89102,35.54314],[137.89122,35.54356],[137.89142,35.54398],[137.89162,35.54439],[137.89182,35.54481],[137.89202,35.54523],[137.89223,35.54565],[137.89243,35.54607],[137.89263,35.54649],[137.89283,35.5469],[137.89304,35.54732],[137.89324,35.54774],[137.89344,35.54816],[137.89361,35.54859],[137.8937,35.54903],[137.89387,35.54946],[137.89368,35.54971],[137.89315,35.54984],[137.89262,35.54997],[137.89209,35.55009],[137.89155,35.55022],[137.89102,35.55034],[137.89049,35.55046],[137.88996,35.55059],[137.88945,35.55071],[137.88932,35.55097],[137.88922,35.55141],[137.889,35.55148],[137.88895,35.55108],[137.889,35.55141],[137.88921,35.55148],[137.88931,35.55103],[137.88957,35.55071],[137.89009,35.55055],[137.89062,35.55043],[137.89116,35.55031],[137.89169,35.55019],[137.89222,35.55006],[137.89275,35.54994],[137.89328,35.54981],[137.89381,35.54968],[137.89434,35.54957],[137.89488,35.54946],[137.89541,35.54934],[137.89594,35.54921],[137.89633,35.5495],[137.89678,35.54975],[137.89724,35.55001],[137.89769,35.55027],[137.89805,35.5506],[137.89826,35.55101],[137.89845,35.55144],[137.89864,35.55186],[137.89883,35.55228],[137.89902,35.5527],[137.89921,35.55313],[137.89903,35.55327],[137.89913,35.55294],[137.89894,35.55252],[137.89875,35.5521],[137.89856,35.55167],[137.89837,35.55125],[137.89818,35.55083],[137.89792,35.55044],[137.89749,35.55015],[137.89704,35.5499],[137.89658,35.54964],[137.89614,35.54937],[137.89571,35.54927],[137.89518,35.5494],[137.89465,35.54951],[137.89411,35.54962],[137.89413,35.54994],[137.89434,35.55036],[137.89448,35.55079],[137.89461,35.55123],[137.89477,35.55166],[137.8952,35.55162],[137.8952,35.55129]]}},{"type":"Feature","properties":{"id":"Minamishinshutoyooka1_87","name":"T5豊丘村村営バス福島線","agency":"豊丘村","verdict":"適","accuracy":"A","L":12,"trips":4,"batt":2,"charges":0,"etr":2.6997,"regen":4.6461,"ew":1.0474,"mg":0.024377},"geometry":{"type":"LineString","coordinates":[[137.92394,35.52351],[137.92349,35.52373],[137.92308,35.52403],[137.92254,35.52396],[137.9222,35.5242],[137.92265,35.52443],[137.92254,35.52484],[137.92219,35.52519],[137.9218,35.5255],[137.92135,35.52577],[137.92088,35.52565],[137.92038,35.5255],[137.91989,35.52529],[137.9194,35.52509],[137.91886,35.52513],[137.91837,35.52504],[137.91783,35.52495],[137.91728,35.52492],[137.91673,35.52488],[137.91623,35.5247],[137.91577,35.52445],[137.91543,35.52411],[137.91518,35.52374],[137.91478,35.52402],[137.9145,35.52441],[137.91413,35.52472],[137.91361,35.52459],[137.91313,35.52473],[137.91279,35.52508],[137.91239,35.52539],[137.91188,35.52555],[137.91137,35.52571],[137.91105,35.52607],[137.91067,35.52639],[137.91015,35.52644],[137.90964,35.52633],[137.90915,35.52654],[137.90862,35.52665],[137.90809,35.52676],[137.90799,35.52718],[137.90843,35.52743],[137.90849,35.52779],[137.90801,35.52801],[137.90759,35.5283],[137.90736,35.52871],[137.90724,35.52913],[137.90682,35.52939],[137.90628,35.5294],[137.90596,35.5297],[137.90544,35.52986],[137.90492,35.53],[137.9044,35.53014],[137.90387,35.53029],[137.90335,35.53044],[137.90283,35.53059],[137.90231,35.53074],[137.90179,35.53089],[137.90127,35.53103],[137.90075,35.5312],[137.90025,35.53139],[137.89977,35.5316],[137.89975,35.53204],[137.89989,35.53247],[137.90003,35.53291],[137.90017,35.53334],[137.90021,35.53379],[137.90021,35.53424],[137.90008,35.53466],[137.89959,35.53487],[137.89908,35.53505],[137.89857,35.53522],[137.89806,35.5354],[137.89755,35.53557],[137.89704,35.53574],[137.89653,35.53592],[137.89603,35.5361],[137.89553,35.53629],[137.89503,35.53649],[137.89483,35.5369],[137.89466,35.53732],[137.89416,35.53748],[137.89372,35.53721],[137.89339,35.53688],[137.89337,35.53643],[137.89326,35.53599],[137.89323,35.53554],[137.89346,35.53516],[137.8931,35.53487],[137.89265,35.53463],[137.89263,35.53489],[137.89269,35.53526],[137.89252,35.53568],[137.89241,35.53613],[137.89231,35.53657],[137.89204,35.53695],[137.89167,35.53727],[137.89176,35.53771],[137.89172,35.53816],[137.8915,35.53857],[137.89126,35.53897],[137.89118,35.5394],[137.89103,35.53979],[137.8912,35.54012],[137.89151,35.54049],[137.89177,35.54084],[137.89188,35.54126],[137.89209,35.54167],[137.89251,35.54195],[137.89301,35.54215],[137.89347,35.54239],[137.89375,35.54278],[137.89395,35.5432],[137.89415,35.54361],[137.89435,35.54403],[137.89448,35.54447],[137.8946,35.54491],[137.8947,35.54535],[137.89481,35.54579],[137.89498,35.54622],[137.89515,35.54665],[137.89531,35.54708],[137.89546,35.54751],[137.8956,35.54795],[137.89573,35.54838],[137.89587,35.54882],[137.89592,35.54922],[137.89539,35.54935],[137.89486,35.54947],[137.89432,35.54957],[137.89379,35.54969],[137.89326,35.54981],[137.89273,35.54994],[137.8922,35.55007],[137.89166,35.55019],[137.89113,35.55031],[137.8906,35.55044],[137.89007,35.55056],[137.88955,35.55071],[137.8893,35.55089],[137.88924,35.55132],[137.88901,35.55156],[137.88904,35.55112],[137.88891,35.55137],[137.88917,35.55156],[137.88929,35.55113],[137.8895,35.55076],[137.88998,35.55058],[137.89051,35.55046],[137.89105,35.55033],[137.89158,35.55021],[137.89211,35.55009],[137.89264,35.54996],[137.89317,35.54983],[137.8937,35.54971],[137.89423,35.54959],[137.89477,35.54948],[137.8953,35.54937],[137.89583,35.54924],[137.89589,35.54889],[137.89575,35.54845],[137.89562,35.54802],[137.89548,35.54758],[137.89534,35.54715],[137.89518,35.54672],[137.89501,35.54629],[137.89483,35.54586],[137.89471,35.54542],[137.89461,35.54498],[137.8945,35.54454],[137.89438,35.5441],[137.89418,35.54368],[137.89398,35.54326],[137.89378,35.54285],[137.89353,35.54245],[137.89309,35.54218],[137.89259,35.54199],[137.89214,35.54173],[137.89191,35.54132],[137.89178,35.54091],[137.89155,35.54056],[137.89126,35.54018],[137.8909,35.53984],[137.89041,35.53963],[137.88993,35.53941],[137.88976,35.539],[137.8897,35.53855],[137.88964,35.5381],[137.88962,35.53765],[137.88961,35.5372],[137.8896,35.53675],[137.88959,35.5363],[137.88952,35.53587],[137.89006,35.53582],[137.89062,35.53579],[137.89035,35.53581],[137.8898,35.53584],[137.88955,35.53607],[137.8896,35.53652],[137.88961,35.53697],[137.88962,35.53742],[137.88963,35.53787],[137.88967,35.53832],[137.88972,35.53877],[137.8898,35.53921],[137.89015,35.53954],[137.89065,35.53972],[137.89109,35.54],[137.89142,35.54035],[137.89165,35.54076],[137.89185,35.54118],[137.89204,35.5416],[137.89243,35.54191],[137.89292,35.54212],[137.8934,35.54234],[137.89371,35.5427],[137.89391,35.54312],[137.89411,35.54354],[137.89432,35.54396],[137.89446,35.54439],[137.89458,35.54483],[137.89468,35.54527],[137.89478,35.54572],[137.89495,35.54615],[137.89512,35.54657],[137.89529,35.547],[137.89544,35.54743],[137.89557,35.54787],[137.89571,35.54831],[137.89584,35.54874],[137.89598,35.54918],[137.89548,35.54932],[137.89495,35.54945],[137.89441,35.54955],[137.894,35.54971],[137.89423,35.55012],[137.89441,35.55055],[137.89454,35.55098],[137.89467,35.55142],[137.89492,35.55174],[137.89534,35.55152],[137.89522,35.55132]]}},{"type":"Feature","properties":{"id":"Minamishinshutoyooka1_88","name":"T6豊丘村村営バス壬生沢福島線","agency":"豊丘村","verdict":"条件付き","accuracy":"A","L":20.2,"trips":4,"batt":41,"charges":1,"etr":17.0629,"regen":0.7841,"ew":21.3288,"mg":0.104556},"geometry":{"type":"LineString","coordinates":[[137.89519,35.55128],[137.89461,35.55114],[137.8944,35.55051],[137.8941,35.54989],[137.89445,35.54955],[137.89526,35.54938],[137.89601,35.54925],[137.89665,35.54968],[137.89733,35.55006],[137.89797,35.55048],[137.8983,35.5511],[137.89859,35.55173],[137.89887,35.55237],[137.89916,35.553],[137.89913,35.55323],[137.899,35.55264],[137.89871,35.55201],[137.89843,35.55138],[137.89813,35.55075],[137.89762,35.55023],[137.89694,35.54984],[137.89626,35.54946],[137.8956,35.54929],[137.8948,35.54948],[137.894,35.54964],[137.8932,35.54983],[137.89241,35.55002],[137.89161,35.5502],[137.89081,35.55039],[137.89002,35.55057],[137.88926,35.55073],[137.88923,35.55137],[137.88902,35.5513],[137.88897,35.55138],[137.88925,35.5513],[137.88952,35.55073],[137.8903,35.55051],[137.8911,35.55032],[137.8919,35.55014],[137.89269,35.54995],[137.89349,35.54976],[137.89429,35.54958],[137.89509,35.54942],[137.89589,35.54922],[137.89581,35.54863],[137.8956,35.54797],[137.8954,35.54732],[137.89516,35.54667],[137.8949,35.54603],[137.8947,35.54538],[137.89455,35.54472],[137.89435,35.54407],[137.89359,35.54433],[137.89282,35.54459],[137.89205,35.54483],[137.89128,35.54507],[137.89078,35.54487],[137.8905,35.54424],[137.89083,35.54383],[137.89118,35.54434],[137.89141,35.54498],[137.89215,35.5448],[137.89293,35.54455],[137.89369,35.54429],[137.89433,35.54399],[137.89403,35.54336],[137.89373,35.54273],[137.8932,35.54223],[137.89246,35.54192],[137.89195,35.54142],[137.89166,35.54079],[137.89127,35.5402],[137.89069,35.53973],[137.88995,35.53943],[137.88973,35.53879],[137.88964,35.53812],[137.88962,35.53745],[137.8896,35.53677],[137.88956,35.5361],[137.88934,35.53545],[137.88909,35.53481],[137.88884,35.53417],[137.88859,35.53352],[137.88833,35.53288],[137.88808,35.53224],[137.88783,35.5316],[137.88758,35.53095],[137.88726,35.53033],[137.88688,35.52973],[137.8865,35.52913],[137.88621,35.5285],[137.88599,35.52785],[137.88577,35.52721],[137.88554,35.52656],[137.88531,35.52591],[137.88509,35.52526],[137.88486,35.52461],[137.8846,35.52397],[137.88427,35.52335],[137.88399,35.52272],[137.88368,35.5221],[137.88315,35.52158],[137.88261,35.52107],[137.88204,35.52079],[137.88131,35.52111],[137.88055,35.52138],[137.87979,35.52164],[137.87902,35.52188],[137.87825,35.52213],[137.87748,35.52239],[137.87693,35.52214],[137.87648,35.52158],[137.87603,35.52101],[137.87556,35.52045],[137.8751,35.5199],[137.87466,35.51932],[137.87423,35.51875],[137.8738,35.51817],[137.87382,35.51775],[137.87389,35.5183],[137.87432,35.51888],[137.87476,35.51945],[137.8752,35.52002],[137.87567,35.52058],[137.87613,35.52114],[137.87657,35.52171],[137.87702,35.52227],[137.87744,35.52285],[137.87786,35.52344],[137.87828,35.52402],[137.87871,35.5246],[137.87917,35.52515],[137.87978,35.52561],[137.88038,35.52607],[137.88075,35.52668],[137.88107,35.5273],[137.88138,35.52792],[137.88172,35.52854],[137.88213,35.52912],[137.88255,35.52971],[137.88297,35.53028],[137.8834,35.53086],[137.88382,35.53144],[137.88424,35.53202],[137.88467,35.5326],[137.88509,35.53318],[137.88551,35.53376],[137.88594,35.53434],[137.88636,35.53492],[137.88678,35.5355],[137.88721,35.53608],[137.88763,35.53666],[137.88805,35.53724],[137.88828,35.53788],[137.88811,35.53854],[137.88808,35.5392],[137.88857,35.53974],[137.88912,35.54024],[137.88966,35.54075],[137.8901,35.54132],[137.89049,35.54192],[137.89076,35.54256],[137.89104,35.54319],[137.89111,35.54374],[137.89115,35.54429],[137.89138,35.54493],[137.89208,35.54482],[137.89286,35.54457],[137.89362,35.54432],[137.89435,35.54405],[137.89405,35.54342],[137.89375,35.54279],[137.89327,35.54226],[137.89253,35.54196],[137.89198,35.54148],[137.89177,35.54085],[137.89138,35.54031],[137.89084,35.5398],[137.89009,35.53951],[137.88975,35.53893],[137.88966,35.53826],[137.88962,35.53759],[137.88961,35.53692],[137.88958,35.53624],[137.88939,35.53559],[137.88915,35.53494],[137.88889,35.5343],[137.88864,35.53366],[137.88839,35.53302],[137.88813,35.53237],[137.88788,35.53173],[137.88763,35.53109],[137.88734,35.53046],[137.88696,35.52986],[137.88658,35.52926],[137.88677,35.52888],[137.88754,35.52863],[137.88818,35.52822],[137.88871,35.5277],[137.88924,35.52718],[137.88967,35.5266],[137.8904,35.52645],[137.89119,35.52628],[137.89184,35.52586],[137.89255,35.52552],[137.89333,35.5253],[137.89382,35.52475],[137.89438,35.52426],[137.89516,35.52404],[137.89588,35.52372],[137.89656,35.5235],[137.89732,35.52353],[137.89695,35.52301],[137.89701,35.52247],[137.89777,35.52222],[137.89856,35.522],[137.89886,35.52147],[137.89915,35.5209],[137.8998,35.52049],[137.90051,35.52026],[137.90111,35.5207],[137.90191,35.52054],[137.90274,35.52055],[137.90242,35.52091],[137.90173,35.52128],[137.90179,35.52191],[137.90166,35.52143],[137.90223,35.52098],[137.90289,35.52059],[137.90293,35.51995],[137.90358,35.51962],[137.90413,35.51916],[137.90463,35.51864],[137.90539,35.51886],[137.9062,35.51871],[137.90693,35.51843],[137.90774,35.51855],[137.90854,35.51873],[137.90934,35.51889],[137.91005,35.51921],[137.91016,35.51987],[137.9104,35.52051],[137.91002,35.52057],[137.90977,35.51994],[137.90944,35.52021],[137.90947,35.52089],[137.90941,35.52156],[137.90946,35.52213],[137.91027,35.52215],[137.911,35.52226],[137.91162,35.52269],[137.91235,35.523],[137.91314,35.52318],[137.91397,35.52314],[137.9148,35.52317],[137.91521,35.52371],[137.91557,35.52431],[137.91625,35.5247],[137.91702,35.52491],[137.91785,35.52495],[137.91861,35.52517],[137.91941,35.52509],[137.92014,35.52541],[137.92089,35.52566],[137.92159,35.52563],[137.9222,35.52518],[137.92269,35.52464],[137.9222,35.52418],[137.92283,35.52401],[137.9235,35.52372],[137.92369,35.52357]]}},{"type":"Feature","properties":{"id":"Minamishinshutoyooka1_89","name":"T7豊丘村村営バス壬生沢線","agency":"豊丘村","verdict":"適","accuracy":"A","L":15.2,"trips":4,"batt":9,"charges":0,"etr":4.5489,"regen":3.5768,"ew":4.7658,"mg":0.024246},"geometry":{"type":"LineString","coordinates":[[137.91315,35.52318],[137.91261,35.5231],[137.91211,35.5229],[137.91162,35.52269],[137.91117,35.52244],[137.91081,35.5221],[137.91028,35.52215],[137.90973,35.52218],[137.90927,35.52198],[137.90941,35.52156],[137.90947,35.52112],[137.90946,35.52067],[137.90944,35.52022],[137.90957,35.51982],[137.90982,35.52015],[137.91002,35.52057],[137.91041,35.52073],[137.9103,35.52031],[137.91016,35.51987],[137.91013,35.51942],[137.90986,35.51905],[137.90935,35.51889],[137.90881,35.51879],[137.90828,35.51867],[137.90774,35.51855],[137.90721,35.51843],[137.90669,35.51851],[137.90621,35.51871],[137.90568,35.51882],[137.90514,35.5188],[137.90464,35.51864],[137.90426,35.51895],[137.90402,35.51936],[137.90358,35.51962],[137.90307,35.51978],[137.903,35.52015],[137.90289,35.52059],[137.90249,35.52088],[137.902,35.52109],[137.90166,35.52142],[137.90175,35.52185],[137.90167,35.52171],[137.90173,35.52128],[137.90216,35.52101],[137.90265,35.5208],[137.90274,35.52055],[137.90219,35.52052],[137.90165,35.52059],[137.90112,35.5207],[137.9007,35.52043],[137.90026,35.52024],[137.8998,35.52049],[137.89934,35.52074],[137.89896,35.52106],[137.89886,35.52147],[137.8988,35.52188],[137.89831,35.52208],[137.89778,35.52222],[137.89726,35.52237],[137.89682,35.52262],[137.89694,35.52301],[137.89734,35.52331],[137.89709,35.52364],[137.89657,35.5235],[137.89607,35.52355],[137.89566,35.52385],[137.89516,35.52404],[137.89463,35.52416],[137.89417,35.5244],[137.89383,35.52475],[137.8935,35.52511],[137.89309,35.52539],[137.89256,35.52551],[137.89208,35.52574],[137.89162,35.52598],[137.8912,35.52627],[137.89068,35.52642],[137.89014,35.52643],[137.88967,35.5266],[137.88939,35.52699],[137.88908,35.52736],[137.88872,35.5277],[137.88836,35.52804],[137.888,35.52838],[137.88754,35.52863],[137.88705,35.52883],[137.88651,35.52891],[137.88658,35.52925],[137.88683,35.52965],[137.88708,35.53005],[137.88734,35.53045],[137.88755,35.53087],[137.88771,35.5313],[137.88788,35.53172],[137.88805,35.53215],[137.88822,35.53258],[137.88838,35.53301],[137.88855,35.53344],[137.88872,35.53387],[137.88889,35.53429],[137.88906,35.53472],[137.88923,35.53515],[137.88939,35.53558],[137.88967,35.53585],[137.89023,35.53581],[137.89074,35.53578],[137.89019,35.53582],[137.88964,35.53585],[137.88958,35.5362],[137.8896,35.53665],[137.88961,35.5371],[137.88962,35.53755],[137.88963,35.538],[137.88968,35.53845],[137.88974,35.5389],[137.88986,35.53933],[137.8903,35.53959],[137.8908,35.53978],[137.89118,35.5401],[137.89149,35.54047],[137.89176,35.54082],[137.89187,35.54123],[137.89208,35.54165],[137.89249,35.54194],[137.89298,35.54214],[137.89345,35.54237],[137.89374,35.54275],[137.89394,35.54317],[137.89414,35.54359],[137.89434,35.54401],[137.89448,35.54444],[137.89459,35.54488],[137.89469,35.54533],[137.8948,35.54577],[137.89497,35.5462],[137.89514,35.54662],[137.89531,35.54705],[137.89545,35.54748],[137.89559,35.54792],[137.89572,35.54836],[137.89586,35.54879],[137.89595,35.54921],[137.89542,35.54934],[137.89489,35.54946],[137.89435,35.54957],[137.89382,35.54968],[137.89329,35.54981],[137.89276,35.54993],[137.89223,35.55006],[137.8917,35.55018],[137.89116,35.55031],[137.89063,35.55043],[137.8901,35.55055],[137.88958,35.5507],[137.88928,35.55088],[137.88925,35.5513],[137.88903,35.55158],[137.88905,35.55115],[137.88889,35.55135],[137.88915,35.55159],[137.88928,35.55115],[137.8895,35.55078],[137.88995,35.55059],[137.89048,35.55046],[137.89102,35.55034],[137.89155,35.55022],[137.89208,35.5501],[137.89261,35.54997],[137.89314,35.54984],[137.89367,35.54972],[137.8942,35.5496],[137.89474,35.54949],[137.89527,35.54937],[137.8958,35.54924],[137.8959,35.54891],[137.89576,35.54848],[137.89563,35.54804],[137.89549,35.54761],[137.89535,35.54717],[137.89519,35.54674],[137.89502,35.54631],[137.89484,35.54589],[137.89472,35.54545],[137.89462,35.54501],[137.89451,35.54457],[137.89439,35.54413],[137.89419,35.54371],[137.89399,35.54329],[137.89379,35.54287],[137.89355,35.54247],[137.89312,35.5422],[137.89262,35.542],[137.89217,35.54175],[137.89192,35.54135],[137.89176,35.54093],[137.89156,35.54058],[137.89128,35.5402],[137.89092,35.53986],[137.89044,35.53964],[137.88996,35.53943],[137.88976,35.53902],[137.8897,35.53857],[137.88964,35.53813],[137.88962,35.53768],[137.88961,35.53723],[137.8896,35.53678],[137.88959,35.53633],[137.8895,35.53589],[137.88934,35.53545],[137.88918,35.53503],[137.88901,35.5346],[137.88884,35.53417],[137.88867,35.53374],[137.8885,35.53331],[137.88834,35.53288],[137.88817,35.53246],[137.888,35.53203],[137.88783,35.5316],[137.88766,35.53117],[137.8875,35.53074],[137.88727,35.53033],[137.88701,35.52994],[137.88675,35.52954],[137.8865,35.52914],[137.88629,35.52872],[137.88614,35.52829],[137.88599,35.52786],[137.88584,35.52742],[137.88569,35.52699],[137.88554,35.52656],[137.88539,35.52613],[137.88524,35.52569],[137.88509,35.52526],[137.88455,35.52533],[137.88401,35.52542],[137.88349,35.52556],[137.88305,35.52583],[137.88261,35.5261],[137.88216,35.52637],[137.8817,35.52661],[137.88122,35.52684],[137.88099,35.52714],[137.8812,35.52755],[137.88141,35.52797],[137.88163,35.52838],[137.88188,35.52878],[137.88216,35.52917],[137.88244,35.52955],[137.88272,35.52994],[137.883,35.53033],[137.88329,35.53071],[137.88357,35.5311],[137.88385,35.53149],[137.88413,35.53187],[137.88442,35.53226],[137.8847,35.53265],[137.88498,35.53303],[137.88526,35.53342],[137.88555,35.53381],[137.88583,35.53419],[137.88611,35.53458],[137.88639,35.53497],[137.88667,35.53535],[137.88695,35.53574],[137.88724,35.53613],[137.88752,35.53651],[137.8878,35.5369],[137.88808,35.53729],[137.88827,35.53771],[137.88824,35.53815],[137.88809,35.53859],[137.88802,35.53903],[137.88825,35.53943],[137.88861,35.53977],[137.88897,35.54011],[137.88934,35.54045],[137.8897,35.54079],[137.88999,35.54117],[137.89027,35.54156],[137.89052,35.54196],[137.89069,35.54239],[137.89087,35.54281],[137.89107,35.54323],[137.89126,35.54365],[137.89147,35.54407],[137.89167,35.54449],[137.89187,35.54491],[137.89207,35.54533],[137.89227,35.54575],[137.89248,35.54617],[137.89268,35.54658],[137.89288,35.547],[137.89308,35.54742],[137.89328,35.54784],[137.89348,35.54826],[137.89363,35.54869],[137.89373,35.54913],[137.89392,35.54955],[137.89415,35.54996],[137.89435,35.55038],[137.89449,35.55081],[137.89462,35.55125],[137.89479,35.55168],[137.89522,35.55162],[137.89532,35.55147]]}}]}